id,FECHA DE ATENCION ,COLONIA ,CALLE,NUMERO ,FOLIO ,ESPECIE,ACLAREO PZA,DESCHUPONEO PZA,ELEVACION DE COPA PZA,LIB  DE CAMARAS PZA,LIB  DE FACHADA PZA,LIB  DE LINEAS ELECTRICAS Y AEREAS PZA,LIB  DE LUMINARIAS PZA,VELA,FACHADA,POSTE,LIB  DE SEMAFOROS PZA,LIB  DE SENALAMIENTOS PZA,LIMPIEZA DE COPA PZA,PODA DE FORMACION RESTAURACION DE COPA PZA,PODA ESTETICA O TOPIARIA PZA,PODA DE MUERDAGO PZA,PODA DE HENO MOTITA PZA,REDUCCIÓN DE COPA PZA,TOTAL,LATITUD ,LONGITUD ,FUENTE DE INFORMACION 
1,25/01/02,VERONICA ANZURES,AV GUTENBERG,79,9365,PODA DE 1 PIRUL BRASILENO Y 1 EUCALIPTO,,,,,,,,,,,,,2,,,,,,2,19.43318,-99.17453,EMPRESA KAAB
2,25/01/03,VERONICA ANZURES,BAHIA DE CARACAS,69,9689,PODA DE 2 FICUS Y 1 TROENO,,,,,,,,,,,,,3,,,,,,3,19.43373,-99.1744,EMPRESA KAAB
3,25/01/04,OBSERVATORIO,EX ARZOBISPADO,TODA LA CALLE,SIN FOLIO ,MANTENIMIENTO,,,4,,,,,,,,,,,,6,,,,10,19.40435,-99.1969, JUD JARDINERIA
4,25/01/05,DANIEL GARZA,BARRANQUILLA,112,SIN FOLIO ,MANTENIMIENTO,,,,,,,,,,,,,,,3,,,,3,19.40549,-99.19761, JUD JARDINERIA
5,25/01/06,AMPLIACION DANIEL GARZA,GRAL ENRIQUE TORROELLA,ESQUINA,SIN FOLIO ,MANTENIMIENTO,,,,,,,,,,,,,,,6,,,,6,19.4093,-99.19135, JUD JARDINERIA
6,25/01/07,MEXICO NUEVO,SANTA CRUZ CACALCO,PLAZUELA SAN JOAQUIN,SIN FOLIO ,MANTENIMIENTO,,,,,,,,,,,,,,,7,,,,7,19.4528,-99.20817, JUD JARDINERIA
7,25/01/08,OBSERVATORIO,JESUS A FLORES,89,12030,PODA DE 1 FRESNO,,,,,,,,,,,,,1,,,,,,1,19.40564,-99.19613,EMPRESA KAAB
8,25/01/09,POLANCO I SECCION,AV CICERON,4714,16533,PODA DE 1 FRESNO,,,1,,,,,,,,,,,,,,,,1,19.4332,-99.20204, JUD JARDINERIA
9,25/01/10,POLANCO II SECCION,DICKENS,69,16727,PODA DE 2 FICUS,,,2,,,,,,,,,,,,,,,,2,19.43063,-99.20351, JUD JARDINERIA
10,25/01/11,DOS LAGOS,LAGO CONSTANZA,101,17459,PODA DE 1 HULE,,,1,,,,,,,,,,,,,,,,1,19.44646,-99.18728, JUD JARDINERIA
11,25/01/12,OBSERVATORIO,GRAL JUAN VILLEGAS,ESQUINA FACHADA COLOR AMARILLO,22714,PODA DE 2 LIQUIDAMBAR,,,,,,,,,,,,,2,,,,,,2,19.40794,-99.19631,EMPRESA KAAB
12,25/01/13,NEXTITLA,MAR MEDITERRANEO,82 DEPORTIVO PLAN SEXENAL,SIN FOLIO,MANTENIMIENTO,,,,,,,,,,,,,,,10,,,,10,19.45909,-99.18343, JUD JARDINERIA
13,25/01/14,AMPLIACION DANIEL GARZA,GOB GRAL JOSE MORAN,ESQUINA,SIN FOLIO,MANTENIMIENTO,,,,,,,,,,,,,,,4,,,,4,19.40917,-99.1901, JUD JARDINERIA
14,25/01/15,OBSERVATORIO,GRAL VICTORIANO CEPEDA,62 FTE PRIMARIA ANGEL ANGUIANO,171,PODA DE 1 FICUS Y 1 CHIRIMOYA,,,1,,,,,,,,,,1,,,,,,2,19.40531,-99.19392, JUD JARDINERIA
15,25/01/16,OBSERVATORIO,GRAL VICTORIANO CEPEDA,84,SIN FOLIO,PODA DE 1 LIQUIDAMBAR,,,1,,,,,,,,,,,,,,,,1,19.40532,-99.19392, JUD JARDINERIA
16,25/01/17,OBSERVATORIO,GRAL VICTORIANO CEPEDA,82,SIN FOLIO,PODA DE 1 FRESNO,,,1,,,,,,,,,,,,,,,,1,19.40532,-99.19392, JUD JARDINERIA
17,25/01/18,OBSERVATORIO,GRAL VICTORIANO CEPEDA,86,SIN FOLIO,PODA DE 1 COLORIN,,,,,1,,,,,,,,,,,,,,1,19.40531,-99.19391, JUD JARDINERIA
18,25/01/19,OBSERVATORIO,GRAL VICTORIANO CEPEDA,77,SIN FOLIO,PODA DE 1 ROSA LAUREL 1 LIQUIDAMBAR Y 1 FICUS,,,3,,,,,,,,,,,,,,,,3,19.4048,-99.19627, JUD JARDINERIA
19,25/01/20,OBSERVATORIO,GRAL VICTORIANO CEPEDA,79,SIN FOLIO,PODA DE 1 FRESNO Y 1 FICUS,,,2,,,,,,,,,,,,,,,,2,19.40564,-99.19374, JUD JARDINERIA
20,25/01/21,OBSERVATORIO,GRAL VICTORIANO CEPEDA,74,SIN FOLIO,PODA DE 1 FRESNO Y 1 HULE,,,1,,1,,,,,,,,,,,,,,2,19.40532,-99.19394, JUD JARDINERIA
21,25/01/22,OBSERVATORIO,GRAL VICTORIANO CEPEDA,69,SIN FOLIO,PODA DE 1 CASUARINA,,,1,,,,,,,,,,,,,,,,1,19.40566,-99.19377, JUD JARDINERIA
22,25/01/23,OBSERVATORIO,GRAL VICTORIANO CEPEDA,66,SIN FOLIO,PODA DE 1 FRESNO,,,,,,,,,,,,,1,,,,,,1,19.40529,-99.19387, JUD JARDINERIA
23,25/01/24,OBSERVATORIO,GRAL VICTORIANO CEPEDA,64,SIN FOLIO,PODA DE 1 FRESNO,,,,,,,,,,,,,1,,,,,,1,19.4053,-99.19391, JUD JARDINERIA
24,25/01/25,OBSERVATORIO,EX ARZOBISPADO,ESQUINA,SIN FOLIO,PODA DE 1 LAUREL,,,,,1,,,,,,,,,,,,,,1,19.40435,-99.1969, JUD JARDINERIA
25,25/01/26,POLANCO III SECCION,OLIVER GOLDSMITH,127,16662,PODA DE 1 FICUS,,,1,,,,,,,,,,,,,,,,1,19.43328,-99.20033, JUD JARDINERIA
26,25/01/27,OBSERVATORIO,GRAL VICTORIANO CEPEDA,50,18516,PODA DE 1 FICUS Y DERRIBO DE 1 FRESNO,,,,,,,,,,,,,1,,,,,,1,19.4053,-99.19392, JUD JARDINERIA
27,25/01/28,OBSERVATORIO,JESUS A FLORES,33,21359,PODA DE 1 FICUS,,,,,,,,,,,,,1,,,,,,1,19.4063,-99.19342,EMPRESA KAAB
28,25/01/29,OBSERVATORIO,GRAL MANUEL M PLATA,23,30218,PODA DE 1 HULE Y 1 LIQUIDAMABAR,,,,,,,,,,,,,2,,,,,,2,19.40634,-99.19513,EMPRESA KAAB
29,25/01/30,SANTO TOMAS,MAR MEDITERRANEO,JARDINERAS,SIN FOLIO,MANTENIMIENTO Y PODA TOPIARIA DE 5 BUGAMBILIAS,,,,,,,,,,,,,,,5,,,,5,19.45754,-99.18011, JUD JARDINERIA
30,25/01/31,OBSERVATORIO,GRAL VICTORIANO CEPEDA,52,SIN FOLIO,PODA DE 1 FICUS,,,,,1,,,,,,,,,,,,,,1,19.40532,-99.19392, JUD JARDINERIA
31,25/02/01,OBSERVATORIO,GRAL VICTORIANO CEPEDA,49,SIN FOLIO,PODA DE 1 HULE BARRIDO Y RETIRO DE DESECHO VEGETAL,1,,,,,,,,,,,,,,,,,,1,19.40565,-99.19377, JUD JARDINERIA
32,25/02/02,REFORMA PENSIL,LAGO CHIEM,87,17364,PODA DE 1 CASUARINA,,,1,,,,,,,,,,,,,,,,1,19.45017,-99.19098, JUD JARDINERIA
33,25/02/03,REFORMA PENSIL,LAGO CHIEM,151,17783,PODA DE 1 CASUARINA,,,1,,,,,,,,,,,,,,,,1,19.44823,-99.19148, JUD JARDINERIA
34,25/02/04,REFORMA PENSIL,LAGO CHIEM,12,18044,PODA DE 1 JACARANDA,,,1,,,,,,,,,,,,,,,,1,19.45229,-99.1901, JUD JARDINERIA
35,25/02/05,OBSERVATORIO,GRAL VICTORIANO CEPEDA,46,SIN FOLIO ,DERRIBO DE 1 FRESNO Y PODA DE 1 PALMERA,,,,,,,,,,,,,1,,,,,,1,19.40533,-99.19393, JUD JARDINERIA
36,25/02/06,OBSERVATORIO,GRAL VICTORIANO CEPEDA,42,SIN FOLIO ,PODA DE 1 FICUS,1,,,,,,,,,,,,,,,,,,1,19.40533,-99.19392, JUD JARDINERIA
37,25/02/07,OBSERVATORIO,GRAL VICTORIANO CEPEDA,40,SIN FOLIO ,PODA DE 1 JACARANDA Y 1 FICUS BARRIDO Y RETIRO DE DESECHO VEGETAL,,,2,,,,,,,,,,,,,,,,2,19.40522,-99.19378, JUD JARDINERIA
38,25/02/08,OBSERVATORIO,PRIV SOSTENES ROCHA,5,12907,PODA DE 2 FICUS,,,,,,,,,,,,,2,,,,,,2,19.40763,-99.19216,EMPRESA KAAB
39,25/02/09,OBSERVATORIO,JOSE MARIA CUETO,1,13879,PODA DE 1 CEDRO Y 1 FICUS,,,,,,,,,,,,,2,,,,,,2,19.40488,-99.19235,EMPRESA KAAB
40,25/02/10,OBSERVATORIO,JESUS A FLORES,2,17652,PODA DE 2 JACARANDAS Y 1 FICUS,,,1,,,,,,,,,,2,,,,,,3,19.40618,-99.19266,EMPRESA KAAB
41,25/02/11,OBSERVATORIO,ALPES,32,17888,PODA DE 1 CEDRO Y 1 ARAUCARIA,,,1,,,,,,,,,,1,,,,,,2,19.40515,-99.19605,EMPRESA KAAB
42,25/02/12,OBSERVATORIO,JESUS A FLORES,20,17971,"PODA DE 5 FICUS, 2 FRESNOS Y 1 JACARANDA",,,,,,,,,,,,,8,,,,,,8,19.40623,-99.19266,EMPRESA KAAB
43,25/02/13,OBSERVATORIO,CDA GENERALES,31,18683,PODA DE 1 LIQUIDAMBAR,,,,,,,,,,,,,1,,,,,,1,19.40588,-99.19638,EMPRESA KAAB
44,25/02/14,OBSERVATORIO,CDA GENERALES,32,22329,PODA DE 1 FICUS,,,,,,,,,,,,,1,,,,,,1,19.40592,-99.19643,EMPRESA KAAB
45,25/02/15,OBSERVATORIO,CDA GENERALES,25,25699,PODA DE 1 FICUS,,,,,,,,,,,,,1,,,,,,1,19.40594,-99.19599,EMPRESA KAAB
46,25/02/16,OBSERVATORIO,LA MARINA,41,SIN FOLIO,PODA DE 1 DURANTA,,,,,1,,,,,,,,,,,,,,1,19.40595,-99.19339, JUD JARDINERIA
47,25/02/17,OBSERVATORIO,GRAL VICTORIANO CEPEDA,9,SIN FOLIO,PODA DE 1 HULE,1,,,,,,,,,,,,,,,,,,1,19.40554,-99.19374, JUD JARDINERIA
48,25/02/18,OBSERVATORIO,GRAL VICTORIANO CEPEDA,13,SIN FOLIO,PODA DE 1 PATA DE VACA BARRIDO Y RECOLECCION DE DESECHO VEGETAL,,,,,,,,,,,,,1,,,,,,1,19.40565,-99.19375, JUD JARDINERIA
49,25/02/19,ESCANDON I SECCION,AV JOSE MARTI,110,14491,PODA DE 1 LIQUIDAMBAR,,,1,,,,,,,,,,,,,,,,1,19.40324,-99.18123, JUD JARDINERIA
50,25/02/20,OBSERVATORIO,GRAL VICTORIANO CEPEDA,14,24371,PODA DE 3 LIQUIDAMBAR 1 FICUS Y 1 PIRUL BRASILENO,,,,,,,,,,,,,5,,,,,,5,19.40535,-99.19394,EMPRESA KAAB
51,25/02/21,LOMA HERMOSA,AV LOMAS DE SOTELO,UH LOMAS DE SOTELO EN EDIF 21   B,24871,PODA DE 2 TROENOS,,,2,,,,,,,,,,,,,,,,2,19.44799,-99.21199, JUD JARDINERIA
52,25/02/22,LOMA HERMOSA,PRESA SALINILLAS,305 UH LOMA HERMOSA EDIF 18,SIN FOLIO,PODA DE 3 TROENOS  2 JACARANDAS 1 NISPERO 1 LAUREL Y DERRIBO DE 1 DURAZNO,1,,6,,,,,,,,,,,,,,,,7,19.44524,-99.21346, JUD JARDINERIA
53,25/02/23,LOMA HERMOSA,PRESA SALINILLAS,305 UH LOMA HERMOSA EDIF 19,SIN FOLIO,PODA DE 3 TROENOS Y 1 JACARANDA,1,,3,,,,,,,,,,,,,,,,4,19.44524,-99.21346, JUD JARDINERIA
54,25/02/24,LOMA HERMOSA,PRESA SALINILLAS,305 UH LOMA HERMOSA EDIF 20,SIN FOLIO,PODA DE 1 TROENO Y 1 CASUARINA,,,2,,,,,,,,,,,,,,,,2,19.44524,-99.21346, JUD JARDINERIA
55,25/02/25,LOMA HERMOSA,PRESA SALINILLAS,305 UH LOMA HERMOSA EDIF 22,SIN FOLIO,PODA DE 1 PIRUL 1 FICUS  2 CASUARINAS DERRIBO DE 1 DURAZNO 1 CEDRO 1 FRESNO BARRIDO Y RETIRO DE DESECHO VEGETAL,1,,3,,,,,,,,,,,,,,,,4,19.44524,-99.21346, JUD JARDINERIA
56,25/02/26,LOMA HERMOSA,PRESA SALINILLAS,20,25993,PODA DE 8 TROENOS Y 2 PATA DE VACA,,,,,,,,,,,,,10,,,,,,10,19.44457,-99.2121,EMPRESA KAAB
57,25/02/27,ANAHUAC I SECCION,LAGO MURITZ,42,15183,PODA DE 1 JACARANDA,,,1,,,,,,,,,,,,,,,,1,19.44219,-99.1806, JUD JARDINERIA
58,25/02/28,LOMA HERMOSA,PRESA SALINILLAS,EDIF 32,18514,PODA DE 3 FICUS 2 TROENOS Y 1 FRESNO,,,3,,,,,,,,,,3,,,,,,6,19.44459,-99.21215,EMPRESA KAAB
59,25/03/01,LOMAS DE CHAPULTEPEC III SECCION,AV EXPLANADA,715,21626,EL DIA 07 DE FEBRERO 2025 SE COMENZO LA PODA DE 1 OLMO CHINO Y SE CONCLUYO EL TRABAJO EL DIA 13 DE FEBRERO 2025,,,,,,,,,,,,,1,,,,,,1,19.42053,-99.21158, JUD JARDINERIA
60,25/03/02,POLANCO III SECCION,LAFONTAINE,95,21628,PODA DE 1 FRESNO,,,1,,,,,,,,,,,,,,,,1,19.43142,-99.19825, JUD JARDINERIA
61,25/03/03,LOMAS DE CHAPULTEPEC III SECCION,AV CORDILLERA DE LOS ANDES,265,512,PODA DE 1 ARBOL PARA LIBERACION DE FACHADA,,,,,1,,,,,,,,,,,,,,1,19.42992,-99.20996, JUD JARDINERIA
62,25/03/04,LOMA HERMOSA,PRESA SALINILLAS,305 UH LOMA HERMOSA EDIF 25,SIN FOLIO,PODA DE 2 CASUARINAS 2 FICUS 1 PIRUL Y DERRIBO DE 2 DURAZNOS,,,5,,,,,,,,,,,,,,,,5,19.44524,-99.21346, JUD JARDINERIA
63,25/03/05,LOMAS ALTAS,LOMA BONITA,49,13926,PODA DE 4 TROENOS Y 1 FRESNO,,,,,,,,,,,,,5,,,,,,5,19.39581,-99.22582,EMPRESA KAAB
64,25/03/06,IRRIGACION,PRESA SALINILLAS,305 UH LOMA HERMOSA EDIF 63,7838,DERRIBO DE 1 ALAMO 1 YUCA PODA DE 2 NISPEROS 1 AGUACATE Y 1 YUCA,3,,1,,,,,,,,,,,,,,,,4,19.44524,-99.21346, JUD JARDINERIA
65,25/03/07,POLANCO III SECCION,CALDERON DE LA BARCA,139,15975,PODA DE 1 JACARANDA,,,1,,,,,,,,,,,,,,,,1,19.43325,-99.19883, JUD JARDINERIA
66,25/03/08,POLANCO IV SECCION,TENNYSON,24,17241,PODA DE 1 TROENO,,,1,,,,,,,,,,,,,,,,1,19.42833,-99.19582, JUD JARDINERIA
67,25/03/09,LOMAS DE SOTELO,AV LOMAS DE SOTELO,EDIF 64,27629, SE REALIZO DERRIBO DE 3 DURAZNOS 1 CIRUELO 1 CAPULIN 1 FRESNO PODA DE 1 CHIRIMOYA 1 LIMON Y 1 FRESNO EN EDIF 64 Y 65,,,1,,,,1,,,,,,2,,,,,,4,19.44733,-99.2125, JUD JARDINERIA
68,25/03/10,LOMAS DE SOTELO,1ER RETORNO CALLE 7,JARDINERA EDIF 53  B,37501,DERRIBO DE 1 TROENO 1 MIMOSA Y PODA DE 1 GREVILLEA,,,,,,,,,,,,,1,,,,,,1,19.4502,-99.21581, JUD JARDINERIA
69,25/03/11,LOMA HERMOSA,PRESA DE LA AMISTAD,EDIF 66 Y 67,21074,PODA DE 1 AGUACATE 1 TROENO 1 CAPULIN Y 1 FRESNO,,,,,,,,,,,,,4,,,,,,4,19.44729,-99.21209,EMPRESA KAAB
70,25/03/12,LOMA HERMOSA,PROL PRESA DON MARTIN,EDIFICIO 7,29545,PODA DE 2 FRESNOS Y 1 LIQUIDAMABAR,,,,,,,,,,,,,3,,,,,,3,19.44562,-99.21074,EMPRESA KAAB
71,25/03/13,AMPLIACION DANIEL GARZA,BARRANQUILLA,66,14544,PODA DE 1 ARBOL Y BARRIDO,,,,,,,,,,,,,,,1,,,,1,19.40713,-99.19561, JUD JARDINERIA
72,25/03/14,LOMAS HERMOSA,PRESA SALINILLAS,EDIF 72 ENTRADAS B Y C,30438,PODA DE 8 TROENOS Y 2 AGUACATES,,,,,,,,,,,,,10,,,,,,10,19.44464,-99.214,EMPRESA KAAB
73,25/03/15,PENSIL NORTE,LAGO URMIAH,22,1226,PODA DE 1 FRESNO,1,,,,,,,,,,,,,,,,,,1,19.4503,-99.19558, JUD JARDINERIA
74,25/03/16,SAN MIGUEL CHAPULTEPEC II SECCION,GRAL PEDRO ANTONIO DE LOS SANTOS,TODA LA CALLE,SIN FOLIO,MANTENIMIENTO,,,1,,,,,,,,,,,,4,,,,5,19.41415,-99.1816, JUD JARDINERIA
75,25/03/17,DANIEL GARZA,GRAL JOSE MARIA MENDIVIL,51 A   Y 51   B,13657,PODA DE 2 FICUS,2,,,,,,,,,,,,,,,,,,2,19.40545,-99.20008, JUD JARDINERIA
76,25/03/18,AMPLIACION DANIEL GARZA,GRAL SOSTENES ROCHA,33,16054,PODA DE 1 FRAMBOYAN Y 1 JACARANDA ,,,,,2,,,,,,,,,,,,,,2,19.4083,-99.19116, JUD JARDINERIA
77,25/03/19,DANIEL GARZA,8 DE SEPTIEMBRE,5,21015,PODA DE 1 FRESNO,1,,,,,,,,,,,,,,,,,,1,19.40757,-99.19941, JUD JARDINERIA
78,25/03/20,ESCANDON I SECCION,GRAL FRANCISCO MURGUIA,69,12940,PODA DE 1 ARBOL,,,1,,,,,,,,,,,,,,,,1,19.40483,-99.18128, JUD JARDINERIA
79,25/03/21,IRRIGACION,PRESA PALMITO,137,15519,PODA DE 2 FICUS,,,2,,,,,,,,,,,,,,,,2,19.44386,-99.20803, JUD JARDINERIA
80,25/03/22,IRRIGACION,PRESA LAS PILAS,91 B,16184,PODA DE 1 TROENO,,,,,,,,,,,,,1,,,,,,1,19.44366,-99.21226, JUD JARDINERIA
81,25/03/23,AMPLIACION DANIEL GARZA,GOB GRAL JOSE MORAN,181,18685,PODA DE 1 FRESNO,,,1,,,,,,,,,,,,,,,,1,19.40905,-99.19307, JUD JARDINERIA
82,25/03/24,MEXICO NUEVO,LAGO ATITLAN,206,SIN FOLIO,PODA DE 1 LAUREL,,,,,,,,,,,,,,1,,,,,1,19.453,-99.20456, JUD JARDINERIA
83,25/03/25,MEXICO NUEVO,LAGO ATITLAN,221,SIN FOLIO,PODA DE 2 LAUREL Y 1 FICUS,,,,,,,1,,,,,,,,,,,2,3,19.45313,-99.20494, JUD JARDINERIA
84,25/03/26,MEXICO NUEVO,LAGO ATITLAN,201,SIN FOLIO,PODA DE 2 FICUS,,,2,,,,,,,,,,,,,,,,2,19.45291,-99.20404, JUD JARDINERIA
85,25/03/27,MEXICO NUEVO,LAGO ATITLAN,209,SIN FOLIO,PODA DE 2 LAUREL Y 2 FICUS,,,,,,,4,,,,,,,,,,,,4,19.45296,-99.20448, JUD JARDINERIA
86,25/03/28,LOMA HERMOSA,PROL PRESA DON MARTIN,171,11345,PODA DE 2 CASUARINAS Y 1 TROENO,,,,,,,,,,,,,3,,,,,,3,19.44521,-99.21044,EMPRESA KAAB
87,25/03/29,LOMAS DE CHAPULTEPEC IV SECCION,AV PRADO SUR,430,12365,PODA DE 2 GREVILLEA,,,2,,,,,,,,,,,,,,,,2,19.42135,-99.21004, JUD JARDINERIA
88,25/03/30,LOMAS DE CHAPULTEPEC IV SECCION,AV DE LOS CORREGIDORES,1326,15545,PODA DE 3 LUQUIDAMABAR,3,,,,,,,,,,,,,,,,,,3,19.41157,-99.21625, JUD JARDINERIA
89,25/03/31,POLANCO V SECCION,FRANCISCO PETRARCA,239,16837,PODA DE 3 TEJOCOTES Y 1 CALIXTEMO,,,1,,,,,,,,,,,3,,,,,4,19.43617,-99.18575, JUD JARDINERIA
90,25/04/01,IRRIGACION,PRESA LA ANGOSTURA,173,17508,PODA DE 1 PALMERA,,,,,,,,,,,,,1,,,,,,1,19.4445,-99.20743, JUD JARDINERIA
91,25/04/02,LOMAS DE CHAPULTEPEC IV SECCION,MONTES CARPATOS,503,18202,PODA DE 3 LAURELES Y 1 LIQUIDAMABAR,4,,,,,,,,,,,,,,,,,,4,19.41285,-99.21723, JUD JARDINERIA
92,25/04/03,MEXICO NUEVO,PTE 149,718,19932,PODA DE 1 PIRUL DE BRASIL,,,,,,,,,,,,,1,,,,,,1,19.45243,-99.20615,EMPRESA KAAB
93,25/04/04,MEXICO NUEVO,PTE 149   A,729,22797,PODA DE 3 FICUS,,,,,,,,,,,,,3,,,,,,3,19.45293,-99.20628,EMPRESA KAAB
94,25/04/05,POLANCO V SECCION,AV PRESIDENTE MASARYK,92 CAMELLON,24424,PODA DE 1 FRESNO 1 PIRUL Y 1 ALAMO,,,3,,,,,,,,,,,,,,,,3,19.43115,-99.18509, JUD JARDINERIA
95,25/04/06,MEXICO NUEVO,3RA CDA LAGO ATITLAN,8,24851,PODA DE 2 FICUS EN PROGRAMA OLA DE SERVICIOS,,,1,,,1,,,,,,,,,,,,,2,19.45324,-99.20451, JUD JARDINERIA
96,25/04/07,POLANCO V SECCION,AV HOMERO,219,1206,PODA DE 3 FICUS,,,,,,,,,,,,,,,3,,,,3,19.43556,-99.18498, JUD JARDINERIA
97,25/04/08,LOMAS DE CHAPULTEPEC III SECCION,MONTES URALES,105,1493,PODA DE 1 PALMERA,,,,,,,,,,,,,1,,,,,,1,19.42969,-99.21038, JUD JARDINERIA
98,25/04/09,MEXICO NUEVO,3RA CDA LAGO ATITLAN,9,1615,PODA DE 1 FICUS EN PROGRAMA OLA DE SERVICIOS,,,1,,,,,,,,,,,,,,,,1,19.45319,-99.20424, JUD JARDINERIA
99,25/04/10,MEXICO NUEVO,PTE 149 A ,718,1624,PODA DE 1 PIRUL BRASILENO,,,,,,,,,,,,,1,,,,,,1,19.45255,-99.20655,EMPRESA KAAB
100,25/04/11,CUAUHTEMOC PENSIL,LAGO GINEBRA,CAMELLON,SIN FOLIO,MANTENIMIENTO,,,,,,,,,,,,,,,3,,,,3,19.44504,-99.19416, JUD JARDINERIA
101,25/04/12,MEXICO NUEVO,1RA CDA LAGO ATITLAN,0.25,SIN FOLIO,PODA DE 2 LAUREL,,,2,,,,,,,,,,,,,,,,2,19.45325,-99.20454, JUD JARDINERIA
102,25/04/13,MEXICO NUEVO,LAGO ATITLAN,7616,SIN FOLIO,PODA DE 2 FICUS,,,2,,,,,,,,,,,,,,,,2,19.45332,-99.20621, JUD JARDINERIA
103,25/04/14,MEXICO NUEVO,PTE 151,710,15937,PODA DE 1 TROENO 1 JACARANDA Y 1 FICUS,,,,,,,,,,,,,3,,,,,,3,19.45281,-99.2068,EMPRESA KAAB
104,25/04/15,MEXICO NUEVO,PTE 149,729,8784,PODA DE 1 FICUS,,,,,,,,,,,,,1,,,,,,1,19.45215,-99.20605,EMPRESA KAAB
105,25/04/16,ESCANDON I SECCION,GRAL FRANCISCO MURGUIA,123 Y 123 A,16589,PODA DE 2 FRESNOS,,,,,1,,,,,,,,,,,,,,1,19.40211,-99.18154, JUD JARDINERIA
106,25/04/17,LOMAS ALTAS,PLAN DE BARRANCAS,81,18142,PODA DE 1 LAUREL,,,1,,,,,,,,,,,,,,,,1,19.40125,-99.22946, JUD JARDINERIA
107,25/04/18,16 DE SEPTIEMBRE,SUR 130,ESQUINA,SIN FOLIO,MANTENIMIENTO,,,,,,,,,,,,,,,3,,,,3,18.98632,-98.22269, JUD JARDINERIA
108,25/04/19,MEXICO NUEVO,LAGO XIMILPA,89,SIN FOLIO,PODA DE 1 HULE,1,,,,,,,,,,,,,,,,,,1,19.45257,-99.20036, JUD JARDINERIA
109,25/04/20,MEXICO NUEVO,LAGO XIMILPA,87,SIN FOLIO,PODA DE 1 TROENO 2 JACARANDAS Y 2 FRESNOS,5,,,,,,,,,,,,,,,,,,5,19.45291,-99.20062, JUD JARDINERIA
110,25/04/21,MEXICO NUEVO,LAGO XIMILPA,56,SIN FOLIO,PODA DE 1 LAUREL,1,,,,,,,,,,,,,,,,,,1,19.45344,-99.20191, JUD JARDINERIA
111,25/04/22,LOMAS DE CHAPULTEPEC III SECCION,AV EXPLANADA,1140 1170 Y 1150,SIN FOLIO,PODA DE 5 ARBOLES,,,5,,,,,,,,,,,,,,,,5,19.41657,-99.21423, JUD JARDINERIA
112,25/04/23,SAN MIGUEL CHAPULTEPEC II SECCION,GOB GREGORIO V GELATI,72 Y VARIOS NUMEROS MAS,SIN FOLIO,PODA DE 1 PATA DE VACA,,,1,,,,,,,,,,,,,,,,1,19.41169,-99.18647, JUD JARDINERIA
113,25/04/24,REFORMA PENSIL,PRIV LAGO WETTER,24,16183,PODA DE 1 FRESNO Y 1 LIQUIDAMBAR,,,,,2,,,,,,,,,,,,,,2,19.44759,-99.1933, JUD JARDINERIA
114,25/04/25,POLANCO V SECCION,LOPE DE VEGA,152,16578,PODA DE 1 ARBOL,,,,,,1,,,,,,,,,,,,,1,19.43613,-99.18705, JUD JARDINERIA
115,25/04/26,POLANCO V SECCION,AV ISAAC NEWTON,158,17651,PODA DE 3 ARBOLES,,,,,3,,,,,,,,,,,,,,3,19.43416,-99.18871, JUD JARDINERIA
116,25/04/27,REFORMA PENSIL,PRIV LAGO WETTER,33,18591,PODA DE 1 CIPRES,,,,,,,,,,,,,,,,,,1,1,19.44633,-99.19384, JUD JARDINERIA
117,25/04/28,ANAHUAC I SECCION,LAGUNA DE TERMINOS,293,18602,PODA DE 1 ALAMO,,,1,,,,,,,,,,,,,,,,1,19.44342,-99.18134, JUD JARDINERIA
118,25/04/29,5 DE MAYO,LAGO ZUMPANGO,93,8872,PODA DE 1 CEDRO,,,1,,,,,,,,,,,,,,,,1,19.44863,-99.19896, JUD JARDINERIA
119,25/04/30,IRRIGACION,PRESA SANTA TERESA,FTE MODULO DE SEGURIDAD PARQUE IRRIGACION,17803,PODA DE 2 TROENOS Y 1 JACARANDA,,,3,,,,,,,,,,,,,,,,3,19.44469,-99.20558, JUD JARDINERIA
120,25/05/01,MEXICO NUEVO,PTE 147 A,710,19381,SE REALIZO PODA DE LIMPIEZA DE COPA DE 2 FICUS,,,,,,,,,,,,,2,,,,,,2,19.45217,-99.20575,EMPRESA KAAB
121,25/05/02,MEXICO NUEVO,PTE 147,731,24853,PODA DE 2 FICUS,,,,,,,,,,,,,2,,,,,,2,19.45277,-99.20533,EMPRESA KAAB
122,25/05/03,MEXICO NUEVO,PTE 147,24 ANTES 733,24806,PODA DE 1 FRESNO Y 1 FICUS,,,,,,,,,,,,,2,,,,,,2,19.45272,-99.20501,EMPRESA KAAB
123,25/05/04,MEXICO NUEVO,PTE 145,705,11015,PODA DE 1 LIQUIDAMABAR,,,1,,,,,,,,,,,,,,,,1,19.45186,-99.20487, JUD JARDINERIA
124,25/05/05,LOS MANZANOS,LAGO BOLSENA,162,12112,PODA DE 1 LAUREL,,,1,,,,,,,,,,,,,,,,1,19.44609,-99.18557, JUD JARDINERIA
125,25/05/06,MEXICO NUEVO,PTE 145,709,12929,PODA DE 2 FICUS,,,2,,,,,,,,,,,,,,,,2,19.45187,-99.20446, JUD JARDINERIA
126,25/05/07,IRRIGACION,PRESA TESOYO,146,14687,PODA DE 1 FICUS,,,1,,,,,,,,,,,,,,,,1,19.44358,-99.20673, JUD JARDINERIA
127,25/05/08,ANAHUAC I SECCION,1RA CDA LAGO MURITZ,10,18582,PODA DE 1 PATA DE VACA  SE CONTESTO CON OFICIO SPJ009925 EL DIA 07 DE FEBRERO 2025,,,,,,,,,,,,,,,,,,1,1,19.44473,-99.17957, JUD JARDINERIA
128,25/05/09,ANAHUAC I SECCION,1RA CDA LAGO SILVERIO,6,18598,PODA DE 1 JACARANDA Y 1 FICUS  SE CONTESTO CON OFICIO SPJ009925 EL DIA 07 DE FEBRERO 2025,,,2,,,,,,,,,,,,,,,,2,19.44274,-99.1811, JUD JARDINERIA
129,25/05/10,MEXICO NUEVO,PTE 147  A,742,19390,PODA DE 4 FICUS,,,,,,,,,,,,,4,,,,,,4,19.45304,-99.20518,EMPRESA KAAB
130,25/05/11,MEXICO NUEVO,PTE 147,736,22480,PODA DE 1 FICUS,,,,,,,,,,,,,1,,,,,,1,19.45291,-99.20521,EMPRESA KAAB
131,25/05/12,MEXICO NUEVO,PTE 147,742,23189,PODA DE 2 FICUS,,,,,,,,,,,,,2,,,,,,2,19.45304,-99.20518,EMPRESA KAAB
132,25/05/13,LOMAS DE CHAPULTEPEC III SECCION,AV PRADO NORTE,5,30621,PODA DE 1 JACARANDA Y 1 FICUS,2,,,,,,,,,,,,,,,,,,2,19.42681,-99.21333, JUD JARDINERIA
133,25/05/14,MEXICO NUEVO,PTE 145,704,SIN FOLIO,PODA DE 1 FICUS Y 1 DURAZNO,,,2,,,,,,,,,,,,,,,,2,19.45165,-99.20464, JUD JARDINERIA
134,25/05/15,MEXICO NUEVO,PTE 145,A LADO DEL 704,SIN FOLIO,PODA DE 1 FICUS Y 1 ZAPOTE,,,2,,,,,,,,,,,,,,,,2,19.45165,-99.20461, JUD JARDINERIA
135,25/05/16,MEXICO NUEVO,PTE 145,711,SIN FOLIO,PODA DE 1 FICUS,,,1,,,,,,,,,,,,,,,,1,19.45192,-99.20442, JUD JARDINERIA
136,25/05/17,AMPLIACION DANIEL GARZA,GRAL SOSTENES ROCHA,75,18026,MANTENIMIENTO,,,,,,,,,,,,,,,3,,,,3,19.40034,-99.20082, JUD JARDINERIA
137,25/05/18,ANAHUAC I SECCION,2DA CDA LAGO MURITZ,93,18593,PODA DE 2 FICUS 1 LIQUIDAMBAR Y 1 TROENO SE CONTESTO CON OFICIO SPJ009925 EL DIA 07 DE FEBRERO 2025 ,,,4,,,,,,,,,,,,,,,,4,19.44203,-99.18051, JUD JARDINERIA
138,25/05/19,ANAHUAC I SECCION,2DA CDA LAGO MURITZ,16,18595,PODA DE 1 LIMON    SE CONTESTO CON OFICIO    SPJ009925 EL DIA 07 DE FEBRERO 20255,,,,,,,,,,,,,1,,,,,,1,19.44185,-99.18033, JUD JARDINERIA
139,25/05/20,ANAHUAC I SECCION,LAGO SILVERIO,267,18596,PODA DE 1 AGUACATE    SE CONTESTO CON OFICIO SPJ009925 EL DIA 07 DE FEBRERO 2025,,,1,,,,,,,,,,,,,,,,1,19.44185,-99.1813, JUD JARDINERIA
140,25/05/21,VERONICA ANZURES,AV GUTENBERG,176,23503,PODA DE 1 FRESNO,1,,,,,,,,,,,,,,,,,,1,19.43208,-99.17794, JUD JARDINERIA
141,25/05/22,MEXICO NUEVO,SANTA CRUZ CACALCO,7309,30446,PODA DE 1 TROENO,,,,,,,,,,,,,1,,,,,,1,19.45162,-99.20447,EMPRESA KAAB
142,25/05/23,OBSERVATORIO,GRAL LAURO VILLAR,19,793,MANTENIMIENTO,,,,,,,,,,,,,,,1,,,,1,19.40606,-99.19579, JUD JARDINERIA
143,25/05/24,MEXICO NUEVO,PTE 145,129,SIN FOLIO,PODA DE 1 NARANJO,,,,,1,,,,,,,,,,,,,,1,19.45206,-99.20485, JUD JARDINERIA
144,25/05/25,MEXICO NUEVO,PTE 145,734,SIN FOLIO,PODA DE 1 FRESNO,,,,,,,,,,,,,1,,,,,,1,19.4527,-99.20487, JUD JARDINERIA
145,25/05/26,MEXICO NUEVO,PTE 143,CAMELLON,SIN FOLIO,PODA DE 2 FRESNOS,,,,,,,,,,,,,2,,,,,,2,19.45159,-99.20395, JUD JARDINERIA
146,25/05/27,LOMAS DE CHAPULTEPEC IV SECCION,AGUSTIN AHUMADA VILLALON,14,18621,PODA DE 1 JACARANDA,1,,,,,,,,,,,,,,,,,,1,19.41117,-99.21491, JUD JARDINERIA
147,25/05/28,LOMAS DE CHAPULTEPEC IV SECCION,AV DE LOS CORREGIDORES,1517,18682,PODA DE 1 JACARANDA Y SOLICITA EL CORTE DE RAIZ,1,,,,,,,,,,,,,,,,,,1,19.41067,-99.21766, JUD JARDINERIA
148,25/05/29,OBSERVATORIO,GRAL JUAN VILLEGAS,75,SIN FOLIO,MANTENIMIENTO,,,,,,,,,,,,,,,1,,,,1,19.40582,-99.19668, JUD JARDINERIA
149,25/05/30,MEXICO NUEVO,PTE 143,710,SIN FOLIO,PODA DE 1 PIRUL Y 1 FICUS,,,2,,,,,,,,,,,,,,,,2,19.45156,-99.20421, JUD JARDINERIA
150,25/05/31,MEXICO NUEVO,CDA LAGO XIMILPA,ESC SEC DIU 168 MAXIMILIANO RUIZ CASTANEDA,SIN FOLIO,PODA DE 1 PIRUL,,,,,1,,,,,,,,,,,,,,1,19.45271,-99.20058, JUD JARDINERIA
151,25/06/01,REFORMA SOCIAL,AVENIDA TECAMACHALCO,PERIFERIA PARQUE REFORMA SOCIAL,SIN FOLIO,PODA DE 20 ARBOLES NO ESPECIFICAN ESPECIES,,,20,,,,,,,,,,,,,,,,20,19.42914,-99.21889, JUD JARDINERIA
152,25/06/02,POPOTLA,CALZ MEXICO TACUBA,FARO POPOTLA EN PARQUE CANITAS,SIN FOLIO,PODA DE 1 FICUS,,,,,1,,,,,,,,,,,,,,1,19.45366,-99.17839, JUD JARDINERIA
153,25/06/03,SAN MIGUEL CHAPULTEPEC I SECCION,GRAL TIBURCIO MONTIEL,83 ESQUINA,SIN FOLIO,PODA DE 2 LIQUIDAMBAR,,,,,,,,,,,,,,,,,,2,2,19.41126,-99.18655, JUD JARDINERIA
154,25/06/04,ANAHUAC I SECCION,THIERS,GLORIETA DE LOS HONGOS,SIN FOLIO,MANTENIMIENTO,,,,,,,,,,,,,,,2,,,,2,19.43859,-99.18314, JUD JARDINERIA
155,25/06/05,SAN MIGUEL CHAPULTEPEC I SECCION,GOB MELCHOR MUZQUIZ,PARQUE DE BOLSILLO EL CHORRITO,SIN FOLIO,MANTENIMIENTO,,,,,,,,,,,,,,,4,,,,4,19.41058,-99.19073, JUD JARDINERIA
156,25/06/06,MEXICO NUEVO,LAGO ATITLAN,167,22740,PODA DE 1 LAUREL,,,1,,,,,,,,,,,,,,,,1,19.45251,-99.20284, JUD JARDINERIA
157,25/06/07,TACUBA,GOLFO DE VIZCAYA,4,27637,PODA DE 1 JACARANDA,,,,,,,,,,,,,,1,,,,,1,19.45611,-99.18671, JUD JARDINERIA
158,25/06/08,MEXICO NUEVO,PTE 139 A,727,1640,PODA DE 2 LAURELES,,,2,,,,,,,,,,,,,,,,2,19.45185,-99.20273, JUD JARDINERIA
159,25/06/09,SAN MIGUEL CHAPULTEPEC I SECCION,MOLINOS DEL CAMPO,31,SIN FOLIO,MANTENIMIENTO,,,,,,,,,,,,,,,2,,,,2,19.41214,-99.18861, JUD JARDINERIA
160,25/06/10,MEXICO NUEVO,PTE 139 A,708,2834,PODA DE 1 FICUS,,,,,,,,,,,,,1,,,,,,1,19.45123,-99.20308,EMPRESA KAAB
161,25/06/11,MEXICO NUEVO,PTE 139 A,719,SIN FOLIO,PODA DE 2 CASUARINAS,,,,,2,,,,,,,,,,,,,,2,19.45159,-99.20284, JUD JARDINERIA
162,25/06/12,ANZURES,MICHELET,11,SIN FOLIO,PODA DE 1 FRESNO,,,,,,,,,,,,,1,,,,,,1,19.43032,-99.17416, JUD JARDINERIA
163,25/06/13,POPOTLA,MAR NEGRO,228,21501,PODA DE 4 TROENOS  2 COLORIN Y 1 FRESNO,,,,,,,,,,,,,7,,,,,,7,19.4548432,-99.18070953,EMPRESA KAAB
164,25/06/14,POPOTLA,INSTITUTO DE HIGIENE,23,21503,PODA DE 1 FRESNO,,,,,,,,,,,,,1,,,,,,1,19.45385466,19.45385466,EMPRESA KAAB
165,25/06/15,POPOTLA,INSTITUTO DE HIGIENE,24,1333,PODA DE 1 FICUS,,,,,,,,,,,,,1,,,,,,1,19.4541195,-99.18015939,EMPRESA KAAB
166,25/06/16,POPOTLA,MAR TIRRENO,44,12825,PODA DE 1 FICUS,,,1,,,,,,,,,,,,,,,,1,19.45391305,-99.18383689,EMPRESA KAAB
167,25/06/17,LOMAS DE CHAPULTEPEC VI SECCION,PRIV MONTE LIBANO,4,16874,PODA DE 1 LIQUIDAMBAR,,,,,1,,,,,,,,,,,,,,1,19.41867514,-99.21511047,JUD JARDINERIA
168,25/06/18,POPOTLA,MAR TIRRENO,36,18419,PODA DE 2 FRESNOS,,,,,,,,,,,,,2,,,,,,2,19.4541793,-99.18375775,EMPRESA KAAB
169,25/06/19,POPOTLA,MAR TIRRENO,26,19103,PODA DE 1 FICUS,,,1,,,,,,,,,,,,,,,,1,19.45298711,-99.18400043,EMPRESA KAAB
170,25/06/20,POPOTLA,MAR TIRRENO,51,30638,PODA DE 1 COLORIN,,,,,,,,,,,,,1,,,,,,1,19.45422613,-99.18347886,EMPRESA KAAB
171,25/06/21,ANAHUAC I SECCION,LAGUNA DE MAYRAN,7,31443,PODA DE 1 LAUREL,,,,,1,,,,,,,,,,,,,,1,19.44272018,-99.19190283,JUD JARDINERIA
172,25/06/22,POPOTLA,MAR AZOF,FTE 13 BIS,1539,PODA DE 1 CEDRO,,,,,,,,,,,,,1,,,,,,1,19.45458267,-99.18380545,EMPRESA KAAB
173,25/06/23,POPOTLA,MAR CANTABRICO,26B,1691,PODA DE 2 FRESNOS 1 JACARANDA Y 1 COLORIN,,,2,,,,,,,,,,2,,,,,,4,19.4535564,-99.18216713,EMPRESA KAAB
174,25/06/24,POPOTLA,MAR TIRRENO,30,1936,PODA DE 1 FICUS,,,,,,,,,,,,,1,,,,,,1,19.45320791,-99.1839862,EMPRESA KAAB
175,25/06/25,AMERICA,SUR 128,PARQUE DE BOLSILLO,2334,MANTENIMIENTO,,,,,,,,,,,,,,,1,,,,1,19.40436379,-99.20235291,JUD JARDINERIA
176,25/06/26,POLANCO V SECCION,AV HOMERO,219,1206,PODA DE 3 ARBOLES,,,3,,,,,,,,,,,,,,,,3,19.43555169,-99.18497952,JUD JARDINERIA
177,25/06/27,LOMAS DE BEZARES,CDA LOMITA,VARIOS NUMEROS,SIN FOLIO,PODA DE 5 ARBOLES,,,5,,,,,,,,,,,,,,,,5,19.3886137,-99.24536955,JUD JARDINERIA
178,25/06/28,LOMAS DE BEZARES,CDA TIRO AL PICHON,VARIOS NUMEROS,SIN FOLIO,PODA DE 11 ARBOLES Y DERRIBO DE 2 ARBOLES NO ESPECIFICAN ESPECIES,,,6,,,,,,,,,,5,,,,,,11,19.39109094,-99.24551793,JUD JARDINERIA
179,25/06/29,LOMAS DE BEZARES,LADERA,VARIOS NUMEROS,SIN FOLIO,PODA DE 5 ARBOLES,,,5,,,,,,,,,,,,,,,,5,19.3913599,-99.24411755,JUD JARDINERIA
180,25/06/30,POPOTLA,POCITO,4 ESQUINA,18674,SE TRABAJA ARBOL DEL PREDIO 4C Y SE REALIZA PODA DE 1 FRESNO EN EL  PREDIO 4 SOLICITAN QUITARLE ALTURA DESMOCHE SE PROCEDE CON SOLICITAR DICTAMEN,,,,,,,,,,,,,1,,,,,,1,19.45166055,-99.18349969,EMPRESA KAAB
181,25/07/01,POPOTLA,POCITO,16,19129,PODA DE 1 COLORIN Y 1 FRESNO,,,,,,,,,,,,,2,,,,,,2,19.4519986,-99.1834165,EMPRESA KAAB
182,25/07/02,POPOTLA,POCITO,35,19663,PODA DE 1 COLORIN,,,,,,,,,,,,,1,,,,,,1,19.45259723,-99.18306667,EMPRESA KAAB
183,25/07/03,POPOTLA,POCITO,11,24318,PODA DE 1 FICUS,,,,,,,,,,,,,1,,,,,,1,19.45181075,-99.18324345,EMPRESA KAAB
184,25/07/04,SAN DIEGO OCOYOACAC,CANITO,132,SIN FOLIO,PODA DE 1 FICUS,,,,,1,,,,,,,,,,,,,,1,19.4639481,-99.1940262,JUD JARDINERIA
185,25/07/05,TACUBAYA,ARQ CARLOS LAZO,TODA LA CALLE,SIN FOLIO,MANTENIMIENTO,,,,,,,,,,,,,,,32,,,,32,19.4025356,-99.19083863,JUD JARDINERIA
186,25/07/06,POPOTLA,POCITO,124,11571,PODA DE 1 TULIPAN AFRICANO,,,,,,,,,,,,,1,,,,,,1,19.45486617,-99.18303043,EMPRESA KAAB
187,25/07/07,POPOTLA,POCITO,61,19599,PODA DE 2 FICUS,,,,,,,,,,,,,2,,,,,,2,19.45308838,-99.18307947,EMPRESA KAAB
188,25/07/08,POPOTLA,POCITO,71,19678,PODA DE 1 FICUS,,,,,,,,,,,,,1,,,,,,1,19.45328748,-99.18292545,EMPRESA KAAB
189,25/07/09,POPOTLA,POCITO,112,19724,PODA DE 2 FICUS Y 1 FRESNO,,,,,,,,,,,,,3,,,,,,3,19.45440297,-99.18309063,EMPRESA KAAB
190,25/07/10,POPOTLA,POCITO,107,19742,PODA DE 2 FICUS,,,,,,,,,,,,,2,,,,,,2,19.4543157,-99.18286483,EMPRESA KAAB
191,25/07/11,POPOTLA,POCITO,43,19743,PODA DE 1 FRESNO,,,,,,,,,,,,,1,,,,,,1,19.45265018,-99.18324513,EMPRESA KAAB
192,25/07/12,POPOTLA,MAR TIRRENO,11,31261,PODA DE 1 PIRUL BRASILENO,,,,,,,,,,,,,1,,,,,,1,19.45220945,-99.18386059,EMPRESA KAAB
193,25/07/13,LOMAS DE CHAPULTEPEC III SECCION,MONTE ALTAI,114,1647,PODA DE 1 LAUREL DE LA INDIA,1,,,,,,,,,,,,,,,,,,1,19.42735926,-99.2104375,JUD JARDINERIA
194,25/07/14,POLANCO,AV CAMPOS ELISEOS,CAMELLON,SIN FOLIO,BARRIDO PAPELEO Y LIMIPIEZA DE PALMERA,,,,,,,,,,,,,1,,,,,,1,19.42803878,-99.19342305,JUD JARDINERIA
195,25/07/15,LOMAS DE CHAPULTEPEC II SECCION,SIERRA VENTANAS,455 CASI ESQUINA,SIN FOLIO,PODA DE 2 FRESNOS,,,2,,,,,,,,,,,,,,,,2,19.42027044,-99.22208246,JUD JARDINERIA
196,25/07/16,REFORMA SOCIAL,AV TECAMACHALCO,PARQUE REFORMA SOCIAL,SIN FOLIO,PODA DE 7 ARBOLES NO ESPECIFICADOS,,,7,,,,,,,,,,,,,,,,7,19.42913408,-99.21893349,JUD JARDINERIA
197,25/07/17,IRRIGACION,PRESA TESOYO,135,9730,PODA DE 1 LAUREL,1,,,,,,,,,,,,,,,,,,1,19.4433002,-99.2065193,JUD JARDINERIA
198,25/07/18,POPOTLA,MAR DEL JAPON,19,16909,PODA DE 1 FRESNO 1 CASUARINA Y 3 FRESNOS,,,,,5,,,,,,,,,,,,,,5,19.45209438,-99.18095395,JUD JARDINERIA
199,25/07/19,POPOTLA,POCITO,223 A,19063,PODA DE 1 FRESNO 1 CASUARINA Y 1 FICUS,,,,,,,,,,,,,3,,,,,,3,19.45708368,-99.1821204,EMPRESA KAAB
200,25/07/20,POPOTLA,POCITO,137,19723,PODA DE 1 HULE,,,,,,,,,,,,,1,,,,,,1,19.45516251,-99.18273253,EMPRESA KAAB
201,25/07/21,POPOTLA,POCITO,223 FTE GASOLINERA,20408,PODA DE 2 FRESNOS,,,,,,,,,,,,,2,,,,,,2,19.45708368,-99.1821204,EMPRESA KAAB
202,25/07/22,TACUBAYA,GAVIOTA,TODA LA CALLE,SIN FOLIO,MANTENIMIENTO,,,,,,,,,,,,,,,12,,,,12,19.40154366,-99.19143688,JUD JARDINERIA
203,25/07/23,POPOTLA,MAR DEL JAPON,19,16909,PODA DE RAMAS LATERALES DE 1 FRESNO 1 CASUARINA 3 TROENOS,,,5,,,,,,,,,,,,,,,,5,19.45206408,-99.18095393,JUD JARDINERIA
204,25/07/24,POPOTLA,FERROCARRIL DE CUERNAVACA,34,18992,PODA DE 1 TROENO,,,,,,,,,,,,,1,,,,,,1,19.4509631,-99.17653949,EMPRESA KAAB
205,25/07/25,POPOTLA,FERROCARRIL DE CUERNAVACA,30,21072,PODA DE 1 TROENO,,,,,,,,,,,,,1,,,,,,1,19.45097457,-99.17658592,EMPRESA KAAB
206,25/07/26,POPOTLA,FERROCARRIL DE CUERNAVACA,28 Y 32,24348,PODA DE 2 NISPEROS Y 2 TROENOS,,,,,,,,,,,,,4,,,,,,4,19.450979,-99.1765681,EMPRESA KAAB
207,25/07/27,POPOTLA,MAR NEGRO,17,28900,PODA DE 2 FICUS,,,,,,,,,,,,,2,,,,,,2,19.456555,-99.1881025,EMPRESA KAAB
208,25/07/28,POPOTLA,FERROCARRIL DE CUERNAVACA,36,29452,PODA DE 1 TROENO,,,,,,,,,,,,,1,,,,,,1,19.451008,-99.17656459,EMPRESA KAAB
209,25/07/29,POPOTLA,MAR MEDITERRANEO,126,18,PODA DE 2 FICUS,,,,,,,,,,,,,2,,,,,,2,19.45821859,-99.18098965,EMPRESA KAAB
210,25/07/30,POPOTLA,MAR SONDA,17,12757,PODA DE 2 PIRUL BRASILENO,,,,,,,,,,,,,2,,,,,,2,19.4570952,-99.17715593,EMPRESA KAAB
211,25/07/31,POPOTLA,MAR MEDITERRANEO,104,14158,PODA DE 2 FICUS Y 1 TROENO,,,1,,,,,,,,,,2,,,,,,3,19.45890153,-99.18273743,EMPRESA KAAB
212,25/08/01,POPOTLA,MAR MEDITERRANEO,157 A,14190,PODA DE 1 FICUS,,,,,,,,,,,,,1,,,,,,1,19.45692961,-99.178924,EMPRESA KAAB
213,25/08/02,ANZURES,BECQUER,42,14639,PODA DE 1 TROENO PARA LIBERACION DE FACHADA,,,1,,,,,,,,,,,,,,,,1,19.43369364,-99.17548396,JUD JARDINERIA
214,25/08/03,ANZURES,BECQUER,39,16882,PODA DE 1 TROENO PARA LIBERACION DE FACHADA,,,1,,,,,,,,,,,,,,,,1,19.43365525,-99.17560043,JUD JARDINERIA
215,25/08/04,ANZURES,VICTOR HUGO,23,SIN FOLIO,PODA DE 7 ARBOLES 3 TROENOS 3 LAURELES Y 1 YUCA PARA LIBERACION DE FACHADA,,,7,,,,,,,,,,,,,,,,7,19.42809442,-99.17599712,JUD JARDINERIA
216,25/08/05,BOSQUE DE LAS LOMAS,BOSQUE DE JACARANDAS,ESQUINA,SIN FOLIO,PODA DE 2 ARAUCARIAS,,,2,,,,,,,,,,,,,,,,2,19.4034835,-99.24571339,JUD JARDINERIA
217,25/08/06,BOSQUE DE LAS LOMAS,BOSQUE DE JACARANDAS,242,SIN FOLIO,PODA DE 5 LIQUIDAMABAR,,,5,,,,,,,,,,,,,,,,5,19.4017734,-99.24757452,JUD JARDINERIA
218,25/08/07,BOSQUE DE LAS LOMAS,BOSQUE DE JACARANDAS,243,SIN FOLIO,PODA DE 3 FICUS,,,3,,,,,,,,,,,,,,,,3,19.40150512,-99.24727166,JUD JARDINERIA
219,25/08/08,BOSQUE DE LAS LOMAS,BOSQUE DE JACARANDAS,232,SIN FOLIO,PODA DE 1 JACARANDA,,,1,,,,,,,,,,,,,,,,1,19.40159339,-99.24788115,JUD JARDINERIA
220,25/08/09,BOSQUE DE LAS LOMAS,BOSQUE DE JACARANDAS,238,SIN FOLIO,PODA DE 1 FRESNO,,,,,,,,,,,,,1,,,,,,1,19.40174758,-99.24770745,JUD JARDINERIA
221,25/08/10,BOSQUE DE LAS LOMAS,BOSQUE DE JACARANDAS,223,SIN FOLIO,PODA DE 1 FRESNO Y DERRIBO DE 1 FRESNO,,,,1,,,,,,,,,,,,,,,1,19.40111994,-99.24762517,JUD JARDINERIA
222,25/08/11,BOSQUE DE LAS LOMAS,BOSQUE DE JACARANDAS,231,SIN FOLIO,PODA DE 1 LAUREL,,,,,,1,,,,,,,,,,,,,1,19.4012058,-99.24754766,JUD JARDINERIA
223,25/08/12,BOSQUE DE LAS LOMAS,BOSQUE DE JACARANDAS,216,SIN FOLIO,PODA DE 2 FRESNOS Y DERRIBO DE 1 FRESNO,,,,,,,,,,,,,2,,,,,,2,19.4012702,-99.2481041,JUD JARDINERIA
224,25/08/13,BOSQUE DE LAS LOMAS,BOSQUE DE JACARANDAS,210,SIN FOLIO,PODA DE 1 FRESNO,,,1,,,,,,,,,,,,,,,,1,19.40111462,-99.24824685,JUD JARDINERIA
225,25/08/14,BOSQUE DE LAS LOMAS,BOSQUE DE JACARANDAS,ESQUINA,SIN FOLIO,PODA DE 5 LIQUIDAMABAR,,,5,,,,,,,,,,,,,,,,5,19.40070983,-99.24842924,JUD JARDINERIA
226,25/08/15,BOSQUE DE LAS LOMAS,BOSQUE DE JACARANDAS,184,SIN FOLIO,PODA DE 1 JACARANDA,,,1,,,,,,,,,,,,,,,,1,19.40070625,-99.24906665,JUD JARDINERIA
227,25/08/16,BOSQUES DE LAS LOMAS,BOSQUE DE SAUCES,377,14429,PODA DE 1 FRESNO Y 1 LAUREL EN PROGRAMA OLA DE SERVICIOS,,,2,,,,,,,,,,,,,,,,2,19.4073496,-99.24298851,JUD JARDINERIA
228,25/08/17,POPOTLA,MAR MARMARA,365,20358,"PODA DE 1 JACARANDA, 1 EUCALIPTO Y 1 FICUS",,,1,,,,,,,,,,2,,,,,,3,19.45806669,-99.17757573,EMPRESA KAAB
229,25/08/18,POPOTLA,MAR SONDA,20,28170,PODA DE 2 PIRUL BRASILENO Y 1 TULIPAN AFRICANO,,,1,,,,,,,,,,2,,,,,,3,19.4575339,-99.17716375,EMPRESA KAAB
230,25/08/19,POPOTLA,MAR MARMARA,379,31235,PODA DE 2 FICUS Y 1 FRESNO,,,1,,,,,,,,,,2,,,,,,3,19.45795873,-99.17717442,EMPRESA KAAB
231,25/08/20,AMERICA,SUR 130,53,32468,PODA DE 1 FICUS,,,,,1,,,,,,,,,,,,,,1,19.40378927,-99.20331269,JUD JARDINERIA
232,25/08/21,POPOTLA,MAR SONDA,29,1314,PODA DE 1 LIQUIDAMBAR Y 1 FICUS,,,,,,,,,,,,,2,,,,,,2,19.45791677,-99.17660908,EMPRESA KAAB
233,25/08/22,ESCANDON II SECCION,AGRARISMO,ESQUINA,SIN FOLIO,PODA DE 1 ARBOL,,,1,,,,,,,,,,,,,,,,1,19.40299017,-99.17203356,JUD JARDINERIA
234,25/08/23,TACUBAYA,HEROES DE LA INTERVENCION,28,SIN FOLIO,PODA DE 2 FICUS,,,2,,,,,,,,,,,,,,,,2,19.3965661,-99.18865105,JUD JARDINERIA
235,25/08/24,BOSQUE DE LAS LOMAS,BOSQUE DE SAUCES,371,SIN FOLIO,PODA DE 5 FRESNOS Y 1 OCOTE,,,5,,,,,,,,,,1,,,,,,6,19.40734004,-99.24293473,JUD JARDINERIA
236,25/08/25,BOSQUE DE LAS LOMAS,BOSQUE DE SAUCES,FTE AL 371,SIN FOLIO,PODA DE 2 LAUREL Y 1 FRESNO,,,3,,,,,,,,,,,,,,,,3,19.40734004,-99.24293473,JUD JARDINERIA
237,25/08/26,BOSQUE DE LAS LOMAS,BOSQUE DE SAUCES,379,SIN FOLIO,PODA DE 1 FRESNO,,,1,,,,,,,,,,,,,,,,1,19.40783839,-99.24271329,JUD JARDINERIA
238,25/08/27,BOSQUE DE LAS LOMAS,BOSQUE DE SAUCES,386,SIN FOLIO,PODA DE 5 FRESNOS,,,5,,,,,,,,,,,,,,,,5,19.40742569,-99.24252017,JUD JARDINERIA
239,25/08/28,BOSQUE DE LAS LOMAS,BOSQUE DE SAUCES,383,SIN FOLIO,PODA DE 1 FRESNO,,,1,,,,,,,,,,,,,,,,1,19.40762553,-99.24227468,JUD JARDINERIA
240,25/08/29,BOSQUE DE LAS LOMAS,BOSQUE DE SAUCES,385,SIN FOLIO,PODA DE 3 FRESNOS,,,3,,,,,,,,,,,,,,,,3,19.40767007,-99.24230294,JUD JARDINERIA
241,25/08/30,BOSQUE DE LAS LOMAS,BOSQUE DE SAUCES,399,SIN FOLIO,PODA DE 4 FRESNOS,,,4,,,,,,,,,,,,,,,,4,19.40779476,-99.24220216,JUD JARDINERIA
242,25/08/31,BOSQUE DE LAS LOMAS,BOSQUE DE SAUCES,403,SIN FOLIO,PODA DE 2 FRESNOS,,,2,,,,,,,,,,,,,,,,2,19.40770559,-99.24223831,JUD JARDINERIA
243,25/09/01,BOSQUE DE LAS LOMAS,BOSQUE DE SAUCES,410,SIN FOLIO,PODA DE 2 FRESNOS,,,2,,,,,,,,,,,,,,,,2,19.40827471,-99.24254607,JUD JARDINERIA
244,25/09/02,BOSQUE DE LAS LOMAS,BOSQUE DE SAUCES,409,SIN FOLIO,PODA DE 2 FRESNOS,,,2,,,,,,,,,,,,,,,,2,19.40819694,-99.24221953,JUD JARDINERIA
245,25/09/03,BOSQUE DE LAS LOMAS,BOSQUE DE MIMOSAS,1,SIN FOLIO,PODA DE 1 FRESNO,,,1,,,,,,,,,,,,,,,,1,19.40836137,-99.24199955,JUD JARDINERIA
246,25/09/04,BOSQUE DE LAS LOMAS,BOSQUE DE SAUCES,AUN LADO DEL 414,SIN FOLIO,PODA DE 2 FRESNOS,,,,,,,1,,,,,,1,,,,,,2,19.40839623,-99.24242085,JUD JARDINERIA
247,25/09/05,BOSQUE DE LAS LOMAS,BOSQUE DE CHOPOS,ESQUINA,SIN FOLIO,PODA DE 1 CASUARINA Y RETIRO DE DESECHO VEGETAL,,,,,,,1,,,,,,,,,,,,1,19.40651035,-99.24282282,JUD JARDINERIA
248,25/09/06,BOSQUES DE LAS LOMAS,BOSQUE DE SAUCES,467,8561,PODA DE 5 FRESNOS EN PROGRAMA OLA DE SERVICIOS,,,3,,,,,,,,,,2,,,,,,5,19.40964406,-99.2415327,JUD JARDINERIA
249,25/09/07,SAN DIEGO OCOYOACAC,CANITO,74,16707,PODA DE 1 LAUREL,,,1,,,,,,,,,,,,,,,,1,19.4634058,-99.19224825,JUD JARDINERIA
250,25/09/08,POPOTLA,MAR MARMARA,434,18973,PODA DE 2 HULES Y 1 JACARADA,,,1,,,,,,,,,,2,,,,,,3,19.45695106,-99.1749887,EMPRESA KAAB
251,25/09/09,BOSQUES DE LAS LOMAS,BOSQUE DE SAUCES,454,19349,PODA DE 1 FRESNO EN PROGRAMA OLA DE SERVICIOS,,,1,,,,,,,,,,,,,,,,1,19.40952296,-99.24203233,JUD JARDINERIA
252,25/09/10,POPOTLA,MAR CASPIO,12,19627,PODA DE 1 FRESNO,,,,,,,,,,,,,1,,,,,,1,19.45782754,-99.17479602,EMPRESA KAAB
253,25/09/11,POPOTLA,MAR MARMARA,393,19927,PODA DE 1 FRESNO,,,,,,,,,,,,,1,,,,,,1,19.45767815,-99.17671228,EMPRESA KAAB
254,25/09/12,BOSQUE DE LAS LOMAS,BOSQUE DE ABETOS,101,32158,PODA DE 2 PIRUL,,,2,,,,,,,,,,,,,,,,2,19.40813778,-99.23926295,JUD JARDINERIA
255,25/09/13,SAN DIEGO OCOYOACAC,GOLFO DE TEHUANTEPEC,ESQUINA,SIN FOLIO,PODA DE 2 ARBOLES NO ESPECIFICA,,,2,,,,,,,,,,,,,,,,2,19.46316302,-99.19208731,JUD JARDINERIA
256,25/09/14,REFORMA SOCIAL,AV TECAMACHALCO,PARQUE REFORMA SOCIAL,SIN FOLIO,PODA DE 10 FRESNOS  3 CEDROS  2 EUCALIPTOS Y 2 FICUS  REFERECIAS  AMH  DESU  SPJ   009525  Y  AMH   DGGS   DESU  DACA  02512025      SE ENVIO 1ER REPORTE CON OFICIO SPJ  019725 EL DIA 07 DE MARZO 2025,,,17,,,,,,,,,,,,,,,,17,19.42941738,-99.21892276,JUD JARDINERIA
257,25/09/15,POPOTLA,MAR CASPIO,16,19194,PODA DE 3 PIRUL DE BRASIL 1 FRESO Y 1 FICUS,,,,,,,,,,,,,5,,,,,,5,19.45779501,-99.1744187,EMPRESA KAAB
258,25/09/16,BOSQUES DE LAS LOMAS,BOSQUE CIPRESES,PARQUE CIPRESES ESQUINA,SIN FOLIO,PODA DE 12 FRESNOS 1 JACARANDA 1 LAUREL Y DERRIBO DE 2 CEDROS 2 ARAUCARIAS,10,,4,,,,,,,,,,,,,,,,14,19.4074635,-99.2358505,JUD JARDINERIA
259,25/09/17,BOSQUE DE LAS LOMAS,BOSQUE DE CIPRESES NORTE,ESQUINA,SIN FOLIO,PODA DE 2 FICUS  2 DERRIBOS NO ESPECIFICA ESPECIE Y RETIRO DE DESECHO VEGETAL,,,2,,,,,,,,,,,,,,,,2,19.4074635,-99.2358505,JUD JARDINERIA
260,25/09/18,POPOTLA,MAR ROJO,34,14127,PODA DE 2 FICUS Y 1 FRESNO,,,,,,,,,,,,,3,,,,,,3,19.45347754,-99.18043221,EMPRESA KAAB
261,25/09/19,SAN DIEGO OCOYOACAC,LAGO MANAGUA,120,16024,PODA DE 1 LIQUIDAMBAR PARA LIBERACION DE LUMINARIA,1,,,,,,,,,,,,,,,,,,1,19.46375275,-99.19560376,JUD JARDINERIA
262,25/09/20,SAN DIEGO OCOYOACAC,LAGO AYARZA,86,17966,PODA DE 1 LAUREL Y 1 FRESNO PARA LIBERAR FACHADA,2,,,,,,,,,,,,,,,,,,2,19.46260127,-99.19445401,JUD JARDINERIA
263,25/09/21,ESCANDON I SECCION,ANTONIO MACEO,5,18329,SE REALIZO LA PODA DE 1 DURAZNO PARA LIBERACION DE LUMINARIA,,,1,,,,,,,,,,,,,,,,1,19.40553274,-99.18336214,JUD JARDINERIA
264,25/09/22,POPOTLA,MAR ROJO,36,18804,PODA DE 1 HULE,,,,,,,,,,,,,1,,,,,,1,19.45349666,-99.18037421,EMPRESA KAAB
265,25/09/23,POPOTLA,MAR ROJO,FUERA LABORATORIOS BIRMEX,21505,PODA DE 5 FRESNOS 1 FICUS 1 PIRUL DE BRASIL Y 1 COLORIN,,,,,,,,,,,,,8,,,,,,8,19.45346396,-99.18022956,EMPRESA KAAB
266,25/09/24,TLAXPANA,TLALOC,76 INTERIOR DEPORTIVO ANAHUAC,SIN FOLIO,PODA DE 2 FICUS PARA LIBERACION DE ARCOTECHOS,2,,,,,,,,,,,,,,,,,,2,19.43982141,-99.16985049,JUD JARDINERIA
267,25/09/25,POPOTLA,MAR DE CHINA,3 Y 5,12748,PODA DE 1 CASUARINA,,,,,,,,,,,,,1,,,,,,1,19.4512135,-99.18038945,EMPRESA KAAB
268,25/09/26,POPOTLA,MAR DE CHINA,42,14129,"PODA DE 3 TROENOS, 1 FICUS Y 1 COLORIN",,,,,,,,,,,,,5,,,,,,5,19.45325846,-99.180338,EMPRESA KAAB
269,25/09/27,POPOTLA,MAR ROJO,74 BIS,30539,PODA DE 2 FICUS,,,,,,,,,,,,,1,,,,,,1,19.45307948,-99.17880185,EMPRESA KAAB
270,25/09/28,POPOTLA,MAR JONICO,15,12735,PODA DE 1 FRESNO 1 TROENO Y 1 NISPERO,,,,,,,,,,,,,3,,,,,,3,19.45233189,-99.18233377,EMPRESA KAAB
271,25/09/29,REFORMA PENSIL,LAGO HIELMAR,110,31302,PODA DE 1 FICUS,1,,,,,,,,,,,,,,,,,,1,19.44325601,-99.19193002,JUD JARDINERIA
272,25/09/30,POPOTLA,MAR JONICO,21,286,PODA DE 2 FRESNOS 1 FICUS Y 1 BUGAMBILIA,,,,,,,,,,,,,4,,,,,,4,19.45283104,-99.18236489,EMPRESA KAAB
273,25/10/01,16 DE SEPTIEMBRE,PTE 75  A,17,2657,MANTENIMIENTO,,,,,,,,,,,,,,,1,,,,1,19.40272384,-99.20133889,JUD JARDINERIA
274,25/10/02,16 DE SEPTIEMBRE,SUR 138,83 PARQUE,3635,MANTENIMIENTO,,,,,,,,,,,,,,,2,,,,2,19.40167859,-99.20471525,JUD JARDINERIA
275,25/10/03,TORRE BLANCA,LAGO ENARE,33,SIN FOLIO,PODA DE 1 ARBOL  NO ESPECIFICA LA ESPECIE NI EL METODO DE PODA,,,1,,,,,,,,,,,,,,,,1,19.45769431,-99.1942374,JUD JARDINERIA
276,25/10/04,ESCANDON I SECCION,AV REVOLUCION,24,SIN FOLIO,PODA DE 8 ARBOLES,,,,,8,,,,,,,,,,,,,,8,19.40724928,-99.18401089,JUD JARDINERIA
277,25/10/05,SAN MIGUEL CHAPULTEPEC I SECCION,GOB RAFAEL REBOLLAR,171,SIN FOLIO,PODA DE 1 FICUS,,,,,,,1,,,,,,,,,,,,1,19.4088534,-99.18811705,JUD JARDINERIA
278,25/10/06,5 DE MAYO,AV RIO SAN JOAQUIN,599,SIN FOLIO,PODA DE 2 FRESNOS,,,2,,,,,,,,,,,,,,,,2,19.44697897,-99.20441821,JUD JARDINERIA
279,25/10/07,POPOTLA,MAR TIRRENO,38 ESQUINA,12390,PODA DE 1 FICUS Y SE TURNA A CFE ZONA POLANCO CON OFICIO: SPJ  01352025,,,,,,,,,,,,,1,,,,,,1,19.45411977,-99.18383069,EMPRESA KAAB
280,25/10/08,ARGENTINA PONIENTE,RIO PARANA,107,13590,PODA DE 1 HULE,1,,,,,,,,,,,,,,,,,,1,19.46025492,-99.20859747,JUD JARDINERIA
281,25/10/09,GRANADA,LAGO ESPEJO,26,15605,PODA DE 1 ARBOL NO ESPECIFICA ESPECIE NI METODO DE PODA,,,1,,,,,,,,,,,,,,,,1,19.44238365,-99.19664172,JUD JARDINERIA
282,25/10/10,GRANADA,LAGO BANGUEOLO,36,18434,PODA DE 1 FICUS,,,1,,,,,,,,,,,,,,,,1,19.43971701,-99.19190527,JUD JARDINERIA
283,25/10/11,TACUBA,GOLFO DE GUAYAQUIL,10,19814,PODA DE 1 ARBOL NO ESPECIFICAN ESPECIE NI METODO DE PODA,,,,,1,,,,,,,,,,,,,,1,19.45501014,-99.19074532,JUD JARDINERIA
284,25/10/12,TACUBAYA,AV JALISCO,TODA LA CALLE,SIN FOLIO,MANTENIMIENTO,,,,,,,,,,,,,,,6,,,,6,19.4036925,-99.1866359,JUD JARDINERIA
285,25/10/13,TACUBAYA,GAVIOTA,TODA LA CALLE,SIN FOLIO,MANTENIMIENTO,,,,,,,,,,,,,,,12,,,,12,19.4034594,-99.1913915,JUD JARDINERIA
286,25/10/14,LOMAS DE CHAPULTEPEC I SECCION,SIERRA PARACAIMA,1165,13874,PODA DE 1 FRESNO,1,,,,,,,,,,,,,,,,,,1,19.41286771,-99.2290101,JUD JARDINERIA
287,25/10/15,POLANCO IV SECCION,ARISTOTELES,166,17635,PODA DE 3 ARBOLES,,,3,,,,,,,,,,,,,,,,3,19.4334079,-99.19363942,JUD JARDINERIA
288,25/10/16,REFORMA SOCIAL,AV TECAMACHALCO,PARQUE REFORMA SOCIAL,SIN FOLIO ,PODA DE 4 FICUS 4 FRESNOS 4 TROENOS Y 4 COLORINES REFERENCIAS  AMH  DES  SPJ  009525 Y AMH   DEJSCUDACA     02512025SE ENVIO 1ER REPORTE CON OFICIO   SPJ      019725 EL DIA 07032025  ,,,16,,,,,,,,,,,,,,,,16,19.42924538,-99.21892276,JUD JARDINERIA
289,25/10/17,ANZURES,SHAKESPEARE,EDIF 186,SIN FOLIO ,PODA DE 1 ARBOL NO ESPECIFICA LA ESPECIE NI EL METODO DE PODA,,,1,,,,,,,,,,,,,,,,1,19.4337421,-99.17681853,JUD JARDINERIA
290,25/10/18,AMPLIACION DANIEL GARZA,GOB LUIS G CURIEL,13,SIN FOLIO ,MANTENIMIENTO,,,,,,,,,,,,,,,1,,,,1,19.41072524,-99.19169816,JUD JARDINERIA
291,25/10/19,TACUBAYA,AV 1RO DE MAYO,32,3217,MANTENIMIENTO,,,,,,,,,,,,,,,5,,,,5,19.39732374,-99.18647395,JUD JARDINERIA
292,25/10/20,SAN MIGUEL CHAPULTEPEC II SECCION,GRAL GOMEZ PEDRAZA,43,SIN FOLIO,PODA DE 1 FICUS,,,,,,,,,,,,,1,,,,,,1,19.41423357,-99.18382703,JUD JARDINERIA
293,25/10/21,VERONICA ANZURES,AV GUTENBERG,143,2803,PODA DE 1 LAUREL DE LA INDIA,1,,,,,,,,,,,,,,,,,,1,19.43275961,-99.17692689,JUD JARDINERIA
294,25/10/22,POPOTLA,MAR EGEO,185 Y 189,19236,PODA DE 2 TROENOS Y 1 FRESNO,,,,,,,,,,,,,3,,,,,,3,19.45886297,-99.18044812,EMPRESA KAAB
295,25/10/23,POPOTLA,MAR ADRIATICO,73,20237,PODA DE 2 FRESNOS Y 1 EUCALIPTO,,,,,,,,,,,,,3,,,,,,3,19.4523406,-99.18126031,EMPRESA KAAB
296,25/10/24,POPOTLA,MAR ADRIATICO,53,1302,PODA DE 1 FRESNO Y 1 FICUS,,,,,,,,,,,,,2,,,,,,2,19.45248961,-99.18223717,EMPRESA KAAB
297,25/10/25,LOMAS DE CHAPULTEPEC V SECCION,MONTE OLIMPO,105,17232,PODA DE 1 ARBOL,,,1,,,,,,,,,,,,,,,,1,19.42667743,-99.21621369,JUD JARDINERIA
298,25/10/26,POPOTLA,MAR DE HUDSON,5,17693,PODA DE 2 TROENOS,,,,,,,,,,,,,2,,,,,,2,19.45787727,-99.18168522,EMPRESA KAAB
299,25/10/27,LOMAS ALTAS,AV PARQUE VIA REFORMA,2084 FUERA EMBAJADA BELGICA,3596,PODA DE 2 LIQUIDAMBAR Y 1 CIRUELO,,,,,,,3,,,,,,,,,,,,3,19.40504649,-99.2285131,JUD JARDINERIA
300,25/10/28,AMERICA,SUR 128,PARQUE DE BOLSILLO ESQUINA,3749,MANTENIMIENTO,,,,,,,,,,,,,,,2,,,,2,19.40168204,-99.2023993,JUD JARDINERIA
301,25/10/29,TACUBAYA,MANUEL DUBLAN,TODA LA CALLE,SIN FOLIO,MANTENIMIENTO,,,,,,,,,,,,,,,7,,,,7,19.4015508,-99.1914144,JUD JARDINERIA
302,25/10/30,LOMAS DE CHAPULTEPEC VI SECCION,PRIV MONTE LIBANO,6 LOCAL C,12396,PODA DE 1 LIQUIDAMABAR,1,,,,,,,,,,,,,,,,,,1,19.41864662,-99.215118,JUD JARDINERIA
303,25/10/31,BOSQUES DE LAS LOMAS,BOSQUE DE FRAMBOYANES,551,17220,PODA DE 1 FRESNO,,,1,,,,,,,,,,,,,,,,1,19.39914832,-99.25495539,JUD JARDINERIA
304,25/11/01,POPOTLA,MAR EGEO,236,25226,PODA DE 1 JACARANDA,,,,,,,,,,,,,1,,,,,,1,19.45816457,-99.17879741,EMPRESA KAAB
305,25/11/02,MARIANO ESCOBEDO,FERROCARRIL DE CUERNAVACA,22,25668,PODA DE 1 TROENO,,,,,,,,,,,,,,,,,,1,1,19.45582466,-99.170341,JUD JARDINERIA
306,25/11/03,TACUBAYA,JOSE MARIA VIGIL,ESQUINA,SIN FOLIO,MANTENIMIENTO,,,,,,,,,,,,,,,9,,,,9,19.38702985,-99.12101016,JUD JARDINERIA
307,25/11/04,PENSIL NORTE,CALZ LEGARIA,354 INTERIOR CLINICA17 DEL IMSSS,SIN FOLIO,PODA DE 2 JACARANDAS,2,,,,,,,,,,,,,,,,,,2,19.45295321,-99.19898716,JUD JARDINERIA
308,25/11/05,REFORMA SOCIAL,AV TECAMACHALCO,PARQUE REFORMA SOCIAL,SIN FOLIO,PODA DE 12 JACARANDAS 10 FRESNOS 22 PALMERAS 4 CEDROS 6 FICUS 6 LAUREL Y 1 BAMBU REFERECIAS   AMH   DESU  SP   009525 Y AMH  DGGS   DESCUDACA    02512025 SE ENVIO 1ER REPORTE CON OFICIO   SP  019725 EL DIA 07032025,,,61,,,,,,,,,,,,,,,,61,19.42927569,-99.21891205,JUD JARDINERIA
309,25/11/06,POPOTLA,MAR DE BANDA,7,10815,PODA DE 2 ARBOLEES FRESNOS NO ESPECIFICA METODO DE PODA,2,,,,,,,,,,,,,,,,,,2,19.45637024,-99.17628889,JUD JARDINERIA
310,25/11/07,POPOTLA,MAR DE BANDA,36,25597,PODA DE 1 PIRUL BRASILEO NO ESPECIFICA METODO DE PODA,1,,,,,,,,,,,,,,,,,,1,19.45712275,-99.17623441,JUD JARDINERIA
311,25/11/08,POPOTLA,MAR DE BANDA,FTE A ESCUELA ESQUINA,29785,PODA DE 2 LAURELES DE 40 18 PARA LIBERAR FACHADA Y LUMINARIA,2,,,,,,,,,1,,,,,,,,,3,19.45596244,-99.17694811,JUD JARDINERIA
312,25/11/09,UN HOGAR PARA NOSOTROS,CALZ MEXICO TACUBA,CAI SEP 23 VANGUARDIA REVOLUCIONARIA,AMH  DESU  DMASPBR  4382024,PODA DE 1 TROENO 1 PALMERA SE TRABAJO OTRA DISTINTA A LA QUE VENIA ESPECIFICADA EN EL DICTAMEN Y NO ACEPTARON LA PODA DEL EUCALIPTO SOLICITAN EL DERRIBO FIRMARON LA ORDEN DE TRABAJO POR PARTE DE LA DIRECTORA FABIOLA VENEGAS B QUEDA PENDIENTE OFICIO DE CONTESTACION A MEDIO AMBIENTE 28022025     SE CONTESTO CON OFICIO   SPJ    018225 EL DIA 03032025,,,,,,,,,,,,,2,,,,,,2,19.446431,-99.16939367,JUD JARDINERIA
313,25/11/10,MARIANO ESCOBEDO,LAGUNA DE TERMINOS,301 Y 302,SIN FOLIO,PODA DE  2 LAURELES Y 1 FRESNO PARA LIBERAR LUMINARIA,,3,,,,,,,,1,,,,,,,,,4,19.44344839,-99.18120929,JUD JARDINERIA
314,25/11/11,ANAHUAC I SECCION,AV MARINA NACIONAL,222 ESC PRIM   ESTADO DE HIDALGO,SIN FOLIO,PODA DE 7 ARBOLES 2 FICUS 1 FRESNO1 GUAJE 2 GUAYABOS Y 1 NOCHEBUENA POR MUERDAGO NO ESPECIFICA BIEN LAS CARACTERISTICAS DE LOS ARBOLES NI EL METODO DE PODA,,,,,,,,,,,,,,,,7,,,7,19.4674649,-99.19162094,JUD JARDINERIA
315,25/11/12,ANAHUAC II SECCION,LAGO CUITZEO,77,3370,PODA DE 1 TROENO,,,,,,,,,,,,,1,,,,,,1,19.44665505,-99.17389913,JUD JARDINERIA
316,25/11/13,5 DE MAYO,LAGO GINEBRA,199,8786,PODA DE 1  HULE,,,,,,,,,,,,,,,,,,1,1,19.44614947,-99.19851496,JUD JARDINERIA
317,25/11/14,TLAXPANA,TLALOC,24,11937,PODA DE 1 LAUREL,,,,,1,,,,,,,,,,,,,,1,19.44278845,-99.16786699,JUD JARDINERIA
318,25/11/15,TORRE BLANCA,LAGO NICARAGUA,108,12184,PODA DE 3 ARBOLES,,,3,,,,,,,,,,,,,,,,3,19.45808561,-99.19654143,JUD JARDINERIA
319,25/11/16,ARGENTINA ANTIGUA,LAGO BUENOS AIRES,20 ESQUINA,12480,PODA DE 1 LAUREL,,,1,,,,,,,,,,,,,,,,1,19.45788493,-99.20292863,JUD JARDINERIA
320,25/11/17,LOS MANZANOS,LAGO TRASIMENO,ESQUINA,13129,PODA DE 1 HULE,1,,,,,,,,,,,,,,,,,,1,19.44817517,-99.1882496,JUD JARDINERIA
321,25/11/18,POLANCO III SECCION,JULIO VERNE,56,13281,PODA DE 1 HULE,,,,,1,,,,,,,,,,,,,,1,19.42901114,-99.19734962,JUD JARDINERIA
322,25/11/19,TLAXPANA,QUETZALCOATL,35,13308,PODA DE 1 PIRUL Y 1 FICUS,,,,,2,,,,,,,,,,,,,,2,19.44163202,-99.16812487,JUD JARDINERIA
323,25/11/20,POLANCO V SECCION,HEGEL,346,14779,PODA DE 3 FICUS,,,,,3,,,,,,,,,,,,,,3,19.43184108,-99.18794429,JUD JARDINERIA
324,25/11/21,POLANCO V SECCION,HEGEL,504,15941,PODA DE 3 ARBOLES NO ESPECIFICAN ESPECIE,,,,,3,,,,,,,,,,,,,,3,19.43021437,-99.18805495,JUD JARDINERIA
325,25/11/22,ANAHUAC II SECCION,LAGUNA DE SAN CRISTOBAL,85,16145,PODA DE 3 ARBOLES NO ESPECIFICAN ESPECIE,,,,,3,,,,,,,,,,,,,,3,19.44249205,-99.17284363,JUD JARDINERIA
326,25/11/23,ANAHUAC I SECCION,LAGO GARDA,192,16605,PODA DE 3 ARBOLES,,,,,3,,,,,,,,,,,,,,3,19.44984228,-99.18671337,JUD JARDINERIA
327,25/11/24,POPOTLA,PLAN DE GUADALUPE,34,16770,PODA DE 1 TREONO,1,,,,,,,,,,,,,,,,,,1,19.45530118,-99.17082767,JUD JARDINERIA
328,25/11/25,ARGENTINA ANTIGUA,LAGO BUENOS AIRES,19,16911,PODA DE 1 FICUS,,,1,,,,,,,,,,,,,,,,1,19.45798207,-99.20312523,JUD JARDINERIA
329,25/11/26,ANAHUAC I SECCION,LAGO TEXCOCO,14,17213,PODA DE 2 TROENOS,,,2,,,,,,,,,,,,,,,,2,19.44665225,-99.1791008,JUD JARDINERIA
330,25/11/27,AMPLIACION TORRE BLANCA,LAGO ARGENTINA,79,17266,PODA DE 3 FICUS,1,,,,,,,,,,,,,,,,,,1,19.45566993,-99.20065246,JUD JARDINERIA
331,25/11/28,ARGENTINA ANTIGUA,LAGO FONTANA,63,17568,PODA DE 1 FRESNO Y 1 CIRUELO,,,2,,,,,,,,,,,,,,,,2,19.45655278,-99.20399363,JUD JARDINERIA
332,25/11/29,ANAHUAC I SECCION,LAGUNA DE SAN CRISTOBAL,101,17800,PODA DE 1 CASUARINA,,,1,,,,,,,,,,,,,,,,1,19.44428678,-99.1748294,JUD JARDINERIA
333,25/11/30,AMPLIACION TORRE BLANCA,LAGO SAN MARTIN,80,17847,PODA DE 1 CASUARINA,1,,,,,,,,,,,,,,,,,,1,19.45540717,-99.20108455,JUD JARDINERIA
334,25/12/01,ANAHUAC II SECCION,LAGO ZIRAHUEN,130,18160,PODA DE 1  ARBOL,,,,,1,,,,,,,,,,,,,,1,19.44467435,-99.17287647,JUD JARDINERIA
335,25/12/02,VERONICA ANZURES,LAGO PATZCUARO,189 ESQUINA,18548,PODA DE 1 FICUS 1 FRESNO Y 1 CASUARINA,,,3,,,,,,,,,,,,,,,,3,19.44387186,-99.1717148,JUD JARDINERIA
336,25/12/03,POPOTLA,MAR JONICO,43,19389,PODA DE 1 FRESNO Y 1 TROENO,,,2,,,,,,,,,,,,,,,,2,19.45425825,-99.18207843,JUD JARDINERIA
337,25/12/04,ANAHUAC I SECCION,LAGO CATEMACO,5,19680,PODA DE 1 FICUS Y 1 FRESNO,,,,,2,,,,,,,,,,,,,,2,19.4494536,-99.17743647,JUD JARDINERIA
338,25/12/05,ANAHUAC I SECCION,LAGO SILVERIO,258,19791,PODA DE 1 FRESNO Y 1 LAUREL,2,,,,,,,,,,,,,,,,,,2,19.44190575,-99.18102718,JUD JARDINERIA
339,25/12/06,POLANCO V SECCION,LOPE DE VEGA,421,19844,PODA DE 1 FICUS ,,,,,1,,,,,,,,,,,,,,1,19.43062216,-99.18750096,JUD JARDINERIA
340,25/12/07,POPOTLA,MAR EGEO,333,19858,PODA DE 1 FICUS,,,1,,,,,,,,,,,,,,,,1,19.45594105,-99.17578878,JUD JARDINERIA
341,25/12/08,VERONICA ANZURES,LAGO PATZCUARO,183,21071,PODA DE 1 CASUARINA,,,1,,,,,,,,,,,,,,,,1,19.44553426,-99.17178943,JUD JARDINERIA
342,25/12/09,IRRIGACION,PRESA SALINILLAS,397 FTE SECUNDARIA 221,21307,PODA DE 2 FRESNOS,,,2,,,,,,,,,,,,,,,,2,19.44497452,-99.21586756,JUD JARDINERIA
343,25/12/10,LOMAS DE CHAPULTEPEC V SECCION,MONTES HIMALAYA,209,21863,PODA DE 1 FRESNO,,,,,,,,,,,,,1,,,,,,1,19.42547572,-99.21360902,JUD JARDINERIA
344,25/12/11,ANAHUAC II SECCION,LAGO CHAPALA,3,22740,PODA DE 1 JACARANDA,,,,,,,,,,,,,1,,,,,,1,19.44704647,-99.17514493,JUD JARDINERIA
345,25/12/12,TLAXPANA,CDA TONANTZIN,39,23189,PODA DE 2 JACARANDA Y 1 TROENO,,,2,,,,,,,,,,,,,,,,2,19.44282866,-99.1692314,JUD JARDINERIA
346,25/12/13,ANAHUAC II SECCION,LAGO CUITZEO,75,24147,PODA DE 1 FICUS,,,1,,,,,,,,,,,,,,,,1,19.44674702,-99.1740062,JUD JARDINERIA
347,25/12/14,ANAHUAC I SECCION,LAGO PATZCUARO,20,24223,PODA DE 1 ARBOL NO ESPECIFICAN ESPECIE,,,,,1,,,,,,,,,,,,,,1,19.44669573,-99.17129367,JUD JARDINERIA
348,25/12/15,TLAXPANA,QUETZALCOATL,22,24349,PODA DE 1 ARBOL NO ESPECIFICAN ESPECIE,,,,,1,,,,,,,,,,,,,,1,19.44240305,-99.16722758,JUD JARDINERIA
349,25/12/16,ANAHUAC I SECCION,LAGUNA DEL CARMEN,197,24582,PODA DE 1 TROENO 1 FICUS 1 FRESNO Y 1 CEDRO,,,4,,,,,,,,,,,,,,,,4,19.44773987,-99.17111646,JUD JARDINERIA
350,25/12/17,ANAHUAC I SECCION,LAGO PATZCUARO,135,24814,PODA DE 1 FRESNO,,,1,,,,,,,,,,,,,,,,1,19.44339486,-99.17200127,JUD JARDINERIA
351,25/12/18,ANAHUAC I SECCION,LAGUNA DE SAN CRISTOBAL,99,24940,PODA DE 1 CASUARINA EN EL 99 Y A LADODEL 99 PODA DE 1 LAUREL Y RETIRO DE RAMA INCLINADA DE 1 CEDRO,,,3,,,,,,,,,,,,,,,,3,19.44442519,-99.17488202,JUD JARDINERIA
352,25/12/19,ANAHUAC I SECCION,LAGO GARDA,103,25149,PODA DE 1 HULE,1,,,,,,,,,,,,,,,,,,1,19.44932363,-99.18053903,JUD JARDINERIA
353,25/12/20,ANAHUAC I SECCION,LAGO PATZCUARO,32,25515,PODA DE 3 TROENOS Y 1 ARAUCARIA,,,4,,,,,,,,,,,,,,,,4,19.44579992,-99.17147265,JUD JARDINERIA
354,25/12/21,POPOTLA,MAR JONICO,28,26821,PODA DE 1 FRESNO,,,1,,,,,,,,,,,,,,,,1,19.45308345,-99.1826156,JUD JARDINERIA
355,25/12/22,PERALITOS,LAGO GARDA,194,27269,PODA DE 2 ARBOLES PARA LIBERACION DE FACHADA,,,,,2,,,,,,,,,,,,,,2,19.44991515,-99.18678998,JUD JARDINERIA
356,25/12/23,LOS MANZANOS,PRIV LAGO COMO,14,27623,PODA DE 1 AGUACATE,1,,,,,,,,,,,,,,,,,,1,19.44814845,-99.18404033,JUD JARDINERIA
357,25/12/24,ARGENTINA ANTIGUA,RIO TLACOTALPAN,68,27639,PODA DE 1 LIQUIDAMBAR,1,,,,,,,,,,,,,,,,,,1,19.4574003,-99.2078654,JUD JARDINERIA
358,25/12/25,ANAHUAC I SECCION,LAGO SILVERIO,271,28022,PODA DE 1 LAUREL,1,,,,,,,,,,,,,,,,,,1,19.441704,-99.18128523,JUD JARDINERIA
359,25/12/26,POPOTLA,MAR EGEO,384 ATRAS DEPORTIVO PLAN SEXENAL,28332,PODA DE 1 ROSA LAUREL,,,1,,,,,,,,,,,,,,,,1,19.45463408,-99.17445233,JUD JARDINERIA
360,25/12/27,OBSERVATORIO,GRAL VICTORIANO CEPEDA,5,28466,PODA DE 1 FRAMBOYAN,,,1,,,,,,,,,,,,,,,,1,19.40461072,-99.19645452,JUD JARDINERIA
361,25/12/28,AMPLIACION DANIEL GARZA,GRAL JUAN VILLEGAS,67,28488,PODA DE 1 FICUS,1,,,,,,,,,,,,,,,,,,1,19.40641736,-99.19652843,JUD JARDINERIA
362,25/12/29,POPOTLA,PLAN DE GUADALUPE,31,29057,PODA DE 1 TROENO,1,,,,,,,,,,,,,,,,,,1,19.45543167,-99.17102906,JUD JARDINERIA
363,25/12/30,ESCANDON II SECCION,13 DE SEPTIEMBRE,57,29266,PODA DE 1 LAUREL Y 1 PATA DE VACA EN EL PREDIO DE A LADO,,,2,,,,,,,,,,,,,,,,2,19.39935362,-99.18054983,JUD JARDINERIA
364,25/12/31,ARGENTINA ANTIGUA,RIO TLACOTALPAN,120,29285,PODA DE 1 LAUREL,,,,,1,,,,,,,,,,,,,,1,19.45780917,-99.2097766,JUD JARDINERIA
365,26/01/01,ANAHUAC II SECCION,LAGO CHAPALA,41,29831,PODA DE 3 FRESNOS 1 CASUARINA Y 1 LAUREL,5,,,,,,,,,,,,,,,,,,5,19.44659328,-99.175043,JUD JARDINERIA
366,26/01/02,POPOTLA,PLAN DE GUADALUPE,38,29842,PODA DE 1 FICUS 1 CASUARINA1 YUCA Y 1 JACARANDA,4,,,,,,,,,,,,,,,,,,4,19.45509075,-99.1710207,JUD JARDINERIA
367,26/01/03,ANAHUAC I SECCION,LAGO GARDA,148 B,29943,PODA DE 1 LAUREL,1,,,,,,,,,,,,,,,,,,1,19.44943818,-99.18386377,JUD JARDINERIA
368,26/01/04,ANAHUAC II SECCION,LAGO CUITZEO,89,30483,PODA DE 1 FRESNOL Y 1 EUCALIPTO,2,,,,,,,,,,,,,,,,,,2,19.44616862,-99.1739518,JUD JARDINERIA
369,26/01/05,ARGENTINA ANTIGUA,RIO TLACOTALPAN,21,30770,PODA DE 1 BUGAMBILIA,1,,,,,,,,,,,,,,,,,,1,19.45725195,-99.20627147,JUD JARDINERIA
370,26/01/06,ANAHUAC II SECCION,LAGO CHAPALA,101,31026,PODA DE 1 LAUREL,1,,,,,,,,,,,,,,,,,,1,19.44245035,-99.17558023,JUD JARDINERIA
371,26/01/07,AMERICA,PTE 75,63 SOBRE,31124,PODA DE 1 FICUS,,,1,,,,,,,,,,,,,,,,1,19.40332616,-99.2025933,JUD JARDINERIA
372,26/01/08,POPOTLA,MAR EGEO,195,546,PODA DE 1 TROENO Y 1 FICUS,2,,,,,,,,,,,,,,,,,,2,19.45844708,-99.18000913,JUD JARDINERIA
373,26/01/09,ANAHUAC I SECCION,LAGUNA DE TERMINOS,150 SOBRE,1574,PODA DE 1 LAUREL,1,,,,,,,,,,,,,,,,,,1,19.44423662,-99.18611733,JUD JARDINERIA
374,26/01/10,ANAHUAC I SECCION,LAGUNA DE TAMIAHUA,74,2680,PODA DE 2 FICUS EN PROGRAMA OLA DE SERVICIOS,2,,,,,,,,,,,,,,,,,,2,19.4466784,-99.17579153,JUD JARDINERIA
375,26/01/11,ANAHUAC I SECCION,LAGUNA DE TERMINOS,322,2534,PODA DE 1 FICUS,1,,,,,,,,,,,,,,,,,,1,19.44327958,-99.18020206,JUD JARDINERIA
376,26/01/12,DANIEL GARZA,GRAL MIGUEL QUINTANA,43,4988,PODA TOPIARIA BARRIDO Y RETIRO DE DESECHO VEGETAL,,,,,,,,,,,,,,,2,,,,2,19.40674166,-99.1981396,JUD JARDINERIA
377,26/01/13,POLANCO V SECCION,AV PRESIDENTE MASARYK,219,5052,PODA DE 1 FICUS,,,1,,,,,,,,,,,,,,,,1,19.43177275,-99.19056495,JUD JARDINERIA
378,26/01/14,ANAHUAC I SECCION,LAGUNA DE TERMINOS,126,5055,PODA DE 1 COLORIN,1,,,,,,,,,,,,,,,,,,1,19.4442651,-99.18702723,JUD JARDINERIA
379,26/01/15,ANAHUAC I SECCION,LAGUNA DE SAN CRISTOBAL,GLORIETA SAN CRISTOBAL,SIN FOLIO,MANTENIMIENTO,,,,,,,,,,,,,,,8,,,,8,19.44394447,-99.17081132,JUD JARDINERIA
380,26/01/16,PENSIL SUR,LAGO GINEBRA,199,SIN FOLIO,SE REALIZO PODA DE 1 ARBOL NO ESPECIFICA LA ESPECIE NI EL METODO DE PODALOS DIAS 3  4 Y 05  ,,,1,,,,,,,,,,,,,,,,1,19.44615958,-99.1984935,JUD JARDINERIA
381,26/01/17,POLANCO II SECCION,SOCRATES,224,SIN FOLIO,PODA DE 1 FICUS,,,,,1,,,,,,,,,,,,,,1,19.4353488,-99.20395916,JUD JARDINERIA
382,26/01/18,POLANCO III SECCION,CALDERON DE LA BARCA,30,SIN FOLIO,PODA DE 1 FRESNO,,,1,,,,,,,,,,,,,,,,1,19.4293014,-99.19981306,JUD JARDINERIA
383,26/01/19,LOMA HERMOSA,PRESA SALINILLAS,ESQUINA,SIN FOLIO,PODA DE 1 PIRUL,,,1,,,,,,,,,,,,,,,,1,19.44468075,-99.21272158,JUD JARDINERIA
384,26/01/20,LOS MANZANOS,LAGO MAYOR,62,5351,PODA DE 2 FRESNOS,2,,,,,,,,,,,,,,,,,,2,19.44937145,-99.18549899,JUD JARDINERIA
385,26/01/21,POPOTLA,MAR MARMARA,167,5191,PODA TOPIARIA 3 FICUS BARRIDO Y RETIRO DE DESECHO VEGETAL,,,,,,,,,,,,,,,3,,,,3,19.4557604,-99.173895,JUD JARDINERIA
386,26/01/22,ESCANDON I SECCION,AV PUENTE DE LA MORENA,36,5954,PODA DE 1 FRESNO,1,,,,,,,,,,,,,,,,,,1,19.39840474,-99.18370615,JUD JARDINERIA
387,26/01/23,SAN MIGUEL CHAPULTEPEC I SECCION,GRAL JUAN CANO,156,5155,PODA TOPIARIA DE 1 ARBOL PODA DE SETO DESMALEZADO BARRIDO Y RETIRO DE DESECHO VEGETAL,,,,,,,,,,,,,,,1,,,,1,19.4083707,-99.1860938,JUD JARDINERIA
388,26/01/24,DANIEL GARZA,GRAL SOSTENES ROCHA,47,5133,PODA TOPIARIA DE 4 ARBOLES BARRIDO Y RETIRO DE DESECHO VEGETAL,,,,,,,,,,,,,,,4,,,,4,19.40816358,-99.1918147,JUD JARDINERIA
389,26/01/25,POPOTLA,MAR TIRRENO,137,5259,PODA DE 1 FRESNO,1,,,,,,,,,,,,,,,,,,1,19.45508415,-99.18326253,JUD JARDINERIA
390,26/01/26,AMERICA,PTE 75,18,SIN FOLIO,PODA TOPIARIA DE 1 ARBOL,,,,,,,,,,,,,,,1,,,,1,19.4018211,-99.20237327,JUD JARDINERIA
391,26/01/27,SAN MIGUEL CHAPULTEPEC I SECCION,AV PARQUE LIRA,ESQUINA,SIN FOLIO,MANTENIMIENTO,,,,,,,,,,,,,,,1,,,,1,19.40618558,-99.18884679,JUD JARDINERIA
392,26/01/28,AMPLIACION DANIEL GARZA,GRAL SOSTENES ROCHA,15,SIN FOLIO,MANTENIMIENTO,,,,,,,,,,,,,,,1,,,,1,19.40850094,-99.19061925,JUD JARDINERIA
393,26/01/29,SAN MIGUEL CHAPULTEPEC II SECCION,AV JOSE VASCONCELOS,127,SIN FOLIO,MANTENIMIENTO,,,,,,,,,,,,,,,1,,,,1,19.41646111,-99.1798203,JUD JARDINERIA
394,26/01/30,AMPLIACION DANIEL GARZA,GRAL ENRIQUE TORROELLA,59,SIN FOLIO,MANTENIMIENTO,,,,,,,,,,,,,,,1,,,,1,19.40834098,-99.19150573,JUD JARDINERIA
395,26/01/31,SAN MIGUEL CHAPULTEPEC I SECCION,GOB JOSE CEBALLOS,ESQUINA,SIN FOLIO,MANTENIMIENTO,,,,,,,,,,,,,,,1,,,,1,19.40980286,-99.19076372,JUD JARDINERIA
396,26/02/01,POLANCO V SECCION,SCHILLER,ESQUINA,SIN FOLIO,PODA DE 3 LAUREL 2 FICUS 4 JACARANDAS Y 1 FRESNO,10,,,,,,,,,,,,,,,,,,10,19.43318768,-99.18634027,JUD JARDINERIA
397,26/02/02,ANAHUAC I SECCION,LAGO CHAPALA,14,SIN FOLIO,PODA DE 1 FRESNO Y 1 FICUS,,,2,,,,,,,,,,,,,,,,2,19.44802502,-99.17445752,JUD JARDINERIA
398,26/02/03,ANAHUAC I SECCION,LAGO CHAPALA,17,SIN FOLIO,PODA DE 1 FICUS,,,1,,,,,,,,,,,,,,,,1,19.44799735,-99.17483986,JUD JARDINERIA
399,26/02/04,ANAHUAC I SECCION,LAGO CHAPALA,PASTELERIA ESQUINA,SIN FOLIO,PODA DE 2 TROENOS,,,2,,,,,,,,,,,,,,,,2,19.44826171,-99.17457087,JUD JARDINERIA
400,26/02/05,ANAHUAC I SECCION,LAGO CHAPALA,104 ESQUINA,SIN FOLIO,PODA DE 1 ARAUCARIA,,,1,,,,,,,,,,,,,,,,1,19.44224118,-99.17536747,JUD JARDINERIA
401,26/02/06,ANAHUAC I SECCION,LAGO CHAPALA,A UN COSTADO DEL 18,SIN FOLIO,PODA DE 1 EUCALIPTO,,,1,,,,,,,,,,,,,,,,1,19.44802266,-99.17482108,JUD JARDINERIA
402,26/02/07,ANAHUAC I SECCION,LAGO CHAPALA,18,SIN FOLIO,PODA DE 1 TROENO,,,1,,,,,,,,,,,,,,,,1,19.44784203,-99.17461088,JUD JARDINERIA
403,26/02/08,ANAHUAC I SECCION,LAGO CHAPALA,27,SIN FOLIO,PODA DE 1 HULE,,,1,,,,,,,,,,,,,,,,1,19.44751833,-99.17507402,JUD JARDINERIA
404,26/02/09,ANAHUAC I SECCION,LAGO CHAPALA,21,SIN FOLIO,PODA DE 1 TROENO,,,1,,,,,,,,,,,,,,,,1,19.44786057,-99.17491838,JUD JARDINERIA
405,26/02/10,ANAHUAC I SECCION,LAGO CHALCO,144,SIN FOLIO,PODA DE 3 FICUS,3,,,,,,,,,,,,,,,,,,3,19.44487489,-99.17619018,JUD JARDINERIA
406,26/02/11,ANAHUAC I SECCION,LAGO CHALCO,139,SIN FOLIO,PODA DE 1 FRESNO,1,,,,,,,,,,,,,,,,,,1,19.44508642,-99.17638076,JUD JARDINERIA
407,26/02/12,ANAHUAC I SECCION,LAGO CHALCO,129,SIN FOLIO,PODA DE 1 FRESNO,1,,,,,,,,,,,,,,,,,,1,19.44540915,-99.17648945,JUD JARDINERIA
408,26/02/13,ANAHUAC I SECCION,LAGO CHALCO,138,SIN FOLIO,PODA DE 2 FICUS,2,,,,,,,,,,,,,,,,,,2,19.44520862,-99.1761256,JUD JARDINERIA
409,26/02/14,ANAHUAC I SECCION,LAGO CHALCO,116,SIN FOLIO,PODA DE 3 FICUS,3,,,,,,,,,,,,,,,,,,3,19.44573517,-99.17583483,JUD JARDINERIA
410,26/02/15,ANAHUAC I SECCION,LAGUNA DE TAMIAHUA,75,SIN FOLIO,PODA DE 2 FICUS,2,,,,,,,,,,,,,,,,,,2,19.44637037,-99.17587083,JUD JARDINERIA
411,26/02/16,MEXICO NUEVO,AV RIO SAN JOAQUIN,4 PLAZUELA,SIN FOLIO,PODA DE 8 FICUS Y 1 PATA DE VACA,,,9,,,,,,,,,,,,,,,,9,19.45008465,-99.2131237,JUD JARDINERIA
412,26/02/17,SAN DIEGO OCOYOACAC,5 DE MAYO,DEPORTIVO PARQUE ECOLOGICO 18 DE MARZO,SIN FOLIO,DERRIBO DE 1 OLMO 1 CEDRO Y PODA DE 1 OLMO,1,,,,,,,,,,,,,,,,,,1,19.46780143,-99.19615688,JUD JARDINERIA
413,26/02/18,POLANCO V SECCION,HEGEL,256,SIN FOLIO,PODA DE 4 FRESNOS,,,,,4,,,,,,,,,,,,,,4,19.4335703,-99.18798126,JUD JARDINERIA
414,26/02/19,PERIODISTA,RAFAEL ALDUCIN,16,SIN FOLIO,MANTENIMIENTO Y PODA TOPIARIA DE 3 LAUREL DE LA INDIA,,,,,,,,,,,,,,,3,,,,3,19.44804527,-99.21917513,JUD JARDINERIA
415,26/02/20,REFORMA SOCIAL,AV TECAMACHALCO,PARQUE REFORMA SOCIAL,SIN FOLIO,PODA DE 20 FRESNOS  8 FICUS  5 COLORINES  2 TROENOS Y DERRIBO DE 3 FRESNOS,,,35,,,,,,,,,,,,,,,,35,19.42932627,-99.21895497,JUD JARDINERIA
416,26/02/21,REFORMA SOCIAL,CALLE 6,20,SIN FOLIO,PODA DE 1 FICUS,,,,,,,,,,,,,,1,,,,,1,19.43110163,-99.21838743,JUD JARDINERIA
417,26/02/22,VERONICA ANZURES,LAGO PATZCUARO,20,24223,PODA DE 1 CASUARINA,,,1,,,,,,,,,,,,,,,,1,19.44693853,-99.17141169,JUD JARDINERIA
418,26/02/23,ANAHUAC I SECCION,LAGO TEXCOCO,12,SIN FOLIO,PODA DE 1 CEDRO,,,1,,,,,,,,,,,,,,,,1,19.45008481,-99.17838852,JUD JARDINERIA
419,26/02/24,ANAHUAC I SECCION,LAGO TEXCOCO,10,SIN FOLIO,PODA DE 1 FICUS,,,1,,,,,,,,,,,,,,,,1,19.45025778,-99.17848556,JUD JARDINERIA
420,26/02/25,ANAHUAC I SECCION,LAGO CHAPALA,ESQUINA,SIN FOLIO,PODA DE 1 FICUS,,,1,,,,,,,,,,,,,,,,1,19.44471035,-99.17514159,JUD JARDINERIA
421,26/02/26,ANAHUAC I SECCION,LAGUNA DE TAMIAHUA,ESQUINA,SIN FOLIO,PODA DE 1 FICUS,,,1,,,,,,,,,,,,,,,,1,19.4466134,-99.17496708,JUD JARDINERIA
422,26/02/27,ANAHUAC I SECCION,COLEGIO SALESIANO,FTE AL COLEGIO,SIN FOLIO,PODA DE 4 FICUS 1 FRESNO Y 1 AHUEHUETE BARRIDO Y RETIRO DE DESECHO VEGETAL,,,5,,,,,,,,,,1,,,,,,6,19.44687015,-99.17713505,JUD JARDINERIA
423,26/02/28,ANAHUAC I SECCION,LAGUNA DE TAMIAHUA,82,SIN FOLIO,PODA DE 1 OLMO,,,1,,,,,,,,,,,,,,,,1,19.44678195,-99.17555704,JUD JARDINERIA
424,26/03/01,ANAHUAC I SECCION,LAGUNA DE TAMIAHUA,ESQUINA,SIN FOLIO,PODA DE 1 FICUS,,,1,,,,,,,,,,,,,,,,1,19.44680929,-99.17699241,JUD JARDINERIA
425,26/03/02,ANAHUAC I SECCION,LAGO CUITZEO,ESQUINA,SIN FOLIO,PODA DE 1 FICUS 1 FRESNO BARRIDO Y RETIRO DE DESECHO VEGETAL,,,2,,,,,,,,,,,,,,,,2,19.44458285,-99.17416658,JUD JARDINERIA
426,26/03/03,ANAHUAC I SECCION,LAGUNA DEL CARMEN,FTE AL 38,SIN FOLIO,PODA DE 3 FICUS,,,3,,,,,,,,,,,,,,,,3,19.4489025,-99.17730728,JUD JARDINERIA
427,26/03/04,ANAHUAC I SECCION,LAGUNA DEL CARMEN,FTE AL 30,SIN FOLIO,PODA DE 3 FICUS,,,3,,,,,,,,,,,,,,,,3,19.44882233,-99.17761294,JUD JARDINERIA
428,26/03/05,ANAHUAC I SECCION,LAGUNA DEL CARMEN,30,SIN FOLIO,PODA DE 1 FRESNO Y 1 FICUS,,,2,,,,,,,,,,,,,,,,2,19.44900443,-99.1776239,JUD JARDINERIA
429,26/03/06,ANAHUAC I SECCION,FERROCARRIL DE CUERNAVACA,ESQUINA,SIN FOLIO,PODA DE 2 FICUS Y DERRIBO DE 1 OLMO,,,2,,,,,,,,,,,,,,,,2,19.45459229,-99.17183421,JUD JARDINERIA
430,26/03/07,ANAHUAC I SECCION,CALZ FELIPE CARRILLO PUERTO,ESQUINA,SIN FOLIO,PODA DE 1 CASUARINA,,,1,,,,,,,,,,,,,,,,1,19.45226789,-99.18613553,JUD JARDINERIA
431,26/03/08,ANAHUAC I SECCION,LAGO TEXCOCO,ESQUINA,SIN FOLIO,PODA DE 1 FRESNO Y 1 FICUS DERRIBO DE 1 TROENO,,,2,,,,,,,,,,,,,,,,2,19.44676313,-99.178848,JUD JARDINERIA
432,26/03/09,ANAHUAC I SECCION,LAGUNA DE TAMIAHUA,ESQUINA,SIN FOLIO,PODA DE 1 FICUS,,,1,,,,,,,,,,,,,,,,1,19.44660825,-99.17611275,JUD JARDINERIA
433,26/03/10,ANAHUAC I SECCION,LAGUNA DE TAMIAHUA,ESQUINA,SIN FOLIO,PODA DE 4 FRESNOS,,,4,,,,,,,,,,,,,,,,4,19.44657215,-99.17583206,JUD JARDINERIA
434,26/03/11,ANAHUAC I SECCION,LAGUNA DE TAMIAHUA,CERCA DE PARQUE SALESIANO,SIN FOLIO,DERRIBO DE 1 FRESNO Y PODA DE 1 FICUS 1 TROENO 2 CASUARINAS Y 1 FRESNO BARRIDO Y RETIRO DE DESECHO VEGETAL,,,4,,,,,,,,,,1,,,,,,5,19.44675262,-99.17731846,JUD JARDINERIA
435,26/03/12,ANAHUAC I SECCION,LAGUNA DE GUZMAN,VARIOS NUMEROS,SIN FOLIO,PODA DE 5 ARBOLES NO ESPECIFICA NUMEROS NI ESPECIES,,,5,,,,,,,,,,,,,,,,5,19.44336889,-99.17096012,JUD JARDINERIA
436,26/03/13,ANAHUAC I SECCION,LAGUNA DE SAN CRISTOBAL,GLORIETA SAN CRISTOBAL,SIN FOLIO,BARRIDO Y PODA DE 7 FICUS,,,,,,,,,,,,,,,7,,,,7,19.44454239,-99.17412366,JUD JARDINERIA
437,26/03/14,SAN DIEGO OCOYOACAC,LAGO ATHABASCA,209 ESQUINA,SIN FOLIO,PODA DE 1 FRESNO,,,,,,,,,,,,,1,,,,,,1,19.46292466,-99.19482712,JUD JARDINERIA
438,26/03/15,AMERICA,AV PANTEON DOLORES,JARDIN DE NINOS PONCIANO G PADILLA,6571,MANTENIMIENTO,,,,,,,,,,,,,,,4,,,,4,19.40844056,-99.20253172,JUD JARDINERIA
439,26/03/16,SAN MIGUEL CHAPULTEPEC I SECCION,GOB PROTACIO TAGLE,27 ESC PRIM MANUEL MARIA CONTRERAS,6549,MANTENIMIENTO,,,,,,,,,,,,,,,2,,,,2,19.41661546,-99.18363846,JUD JARDINERIA
440,26/03/17,VERONICA ANZURES,BAHIA SANTA BARBARA,38,6885,PODA DE 1 FRESNO ,1,,,,,,,,,,,,,,,,,,1,19.43787871,-99.17677035,JUD JARDINERIA
441,26/03/18,ANAHUAC II SECCION,NOPALTZIN,221,6852,PODA DE 4 FICUS,,,4,,,,,,,,,,,,,,,,4,19.44389465,-99.17047713,JUD JARDINERIA
442,26/03/19,POLANCO V SECCION,LAMARTINE,ESQUINA,SIN FOLIO,PODA DE 1 PALMERA,,,1,,,,,,,,,,,,,,,,1,19.43226113,-99.18976869,JUD JARDINERIA
443,26/03/20,REFORMA SOCIAL,SIERRA SANTA ROSA,PERIFERIA DE IGLESIA PARROQUIA SAN ISIDRO LABRADOR,SIN FOLIO,PODA DE 4 LIQUIDAMABAR,,,4,,,,,,,,,,,,,,,,4,19.43191208,-99.21843261,JUD JARDINERIA
444,26/03/21,PENSIL NORTE,LAGO FONDO,FTE AL 48,SIN FOLIO,PODA DE 1 LAUREL,1,,,,,,,,,,,,,,,,,,1,19.45075807,-99.19598978,JUD JARDINERIA
445,26/03/22,OBSERVATORIO,AV PARQUE LIRA,JARDIN ESTACIONAMIENTO ,SIN FOLIO,MANTENIMIENTO,,,,,,,,,,,,,,,1,,,,1,19.40630701,-99.18911501,JUD JARDINERIA
446,26/03/23,SAN  MIGUEL CHAPULTEPEC I SECCION,GRAL PEDRO ANTONIO DE LOS SANTOS,TODA LA CALLE,SIN FOLIO,MANTENIMIENTO,,,,,,,,,,,,,,,13,,,,13,19.41434442,-99.18159926,JUD JARDINERIA
447,26/03/24,SAN  MIGUEL CHAPULTEPEC I SECCION,GRAL PEDRO ANTONIO DE LOS SANTOS,TODA LA CALLE,SIN FOLIO,MANTENIMIENTO,,,,,,,,,,,,,,,24,,,,24,19.41434442,-99.18159926,JUD JARDINERIA
448,26/03/25,POLANCO V SECCION,HEGEL,315,SIN FOLIO,PODA DE 1 FRESNO 1 CEDRO Y 1 JACARANDA,,,,,3,,,,,,,,,,,,,,3,19.43266591,-99.18831836,JUD JARDINERIA
449,26/03/26,TACUBAYA,GORRION,15,SIN FOLIO,PODA DE 1 FRESNO,,,,,1,,,,,,,,,,,,,,1,19.3996079,-99.18977975,JUD JARDINERIA
450,26/03/27,LOS MANZANOS,LAGO MASK,172,SIN FOLIO,PODA DE 2 FICUS,,,,,2,,,,,,,,,,,,,,2,19.44521453,-99.18495498,JUD JARDINERIA
451,26/03/28,MARIANO ESCOBEDO,LAGO SILVERIO,192,SIN FOLIO,PODA DE 1 EUCALIPTO RETIRO DE RAMA DESGAJADA,,,,,1,,,,,,,,,,,,,,1,19.44409417,-99.18077867,JUD JARDINERIA
452,26/03/29,LEGARIA,LAGO GRAN OSO,ESQUINA,SIN FOLIO,REVERDECE PODA TOPIARIA 2 LAUREL DE LA INDA 4 FICUS BARRIDO Y RETIRO DE DESECHO VEGETAL,,,,,,,,,,,,,,,6,,,,6,19.45219429,-99.19474838,JUD JARDINERIA
453,26/03/30,LOS MANZANOS,LAGO MASK,171,SIN FOLIO,PODA TOPIARIA DE 8 FICUS BARRIDO Y RETIRO DE DESECHO VEGETAL,,,,,,,,,,,,,,,8,,,,8,19.44549177,-99.18514698,JUD JARDINERIA
454,26/03/31,AMPLIACION DANIEL GARZA,GOB JOSE CEBALLOS,ESQUINA,SIN FOLIO,PODA TOPIARIA BARRIDO Y RETIRO DE DESECHO VEGETAL,,,,,,,,,,,,,,,5,,,,5,19.40996477,-99.19088173,JUD JARDINERIA
455,26/04/01,REFORMA SOCIAL,AV TECAMACHALCO,PARQUE REFORMA SOCIAL,SIN FOLIO,PODA DE 15 CEDROS 20 TREONOS 7 FICUS 1 DURANTA 5 EUCALIPTOS 1 JACRANDA 6 FRESNOS 5 NISPEROS Y DERRIBO DE 4 FRESNOS Y 4 CEDROS,,,60,,,,,,,,,,,,,,,,60,19.4297108,-99.2171525,JUD JARDINERIA
456,26/04/02,ANAHUAC I SECCION,LAGUNA DE SAN CRISTOBAL,ESQUINA,SIN FOLIO,PODA DE 2 LAUREL,,,2,,,,,,,,,,,,,,,,2,19.4445525,-99.17418803,JUD JARDINERIA
457,26/04/03,ANAHUAC I SECCION,NOPALTZIN,17,SIN FOLIO,PODA DE 3 FICUS,,,3,,,,,,,,,,,,,,,,3,19.4438289,-99.17019599,JUD JARDINERIA
458,26/04/04,ANAHUAC I SECCION,NOPALTZIN,A UN COSTADO DEL 17,SIN FOLIO,PODA DE 1 FRESNO Y 1 FCUS,,,2,,,,,,,,,,,,,,,,2,19.44354503,-99.17023939,JUD JARDINERIA
459,26/04/05,LOS MANZANOS,LAGO COMO,73,15619,PODA DE 1 FRESNO,,,1,,,,,,,,,,,,,,,,1,19.44872871,-99.1835565,JUD JARDINERIA
460,26/04/06,LOS MANZANOS,LAGO COMO,ESQUINA,SIN FOLIO,PODA DE 1 FRESNO,,,1,,,,,,,,,,,,,,,,1,19.4490673,-99.18339537,JUD JARDINERIA
461,26/04/07,LOS MANZANOS,LAGO COMO,63,SIN FOLIO,PODA DE 1 FRESNO,,,1,,,,,,,,,,,,,,,,1,19.44904397,-99.18370274,JUD JARDINERIA
462,26/04/08,LOS MANZANOS,LAGO COMO,66,SIN FOLIO,PODA DE 1 FRESNO,,,1,,,,,,,,,,,,,,,,1,19.44885485,-99.18326415,JUD JARDINERIA
463,26/04/09,LOS MANZANOS,LAGO COMO,68,SIN FOLIO,PODA DE 1 FICUS,,,1,,,,,,,,,,,,,,,,1,19.44877614,-99.18329269,JUD JARDINERIA
464,26/04/10,LOS MANZANOS,LAGO COMO,71,SIN FOLIO,PODA DE 2 FICUS,,,2,,,,,,,,,,,,,,,,2,19.4488162,-99.18360832,JUD JARDINERIA
465,26/04/11,LOS MANZANOS,LAGO COMO,ESQUINA,SIN FOLIO,PODA DE 1 FICUS BARRIDO Y RETIRO DE DESECHO VEGETAL,,,1,,,,,,,,,,,,,,,,1,19.44508135,-99.18395136,JUD JARDINERIA
466,26/04/12,LOS MANZANOS,LAGO TRASIMENO,201,SIN FOLIO,PODA DE 3 FICUS,1,,2,,,,,,,,,,,,,,,,3,19.44769383,-99.18298481,JUD JARDINERIA
467,26/04/13,LOS MANZANOS,LAGO TRASIMENO,186,SIN FOLIO,PODA DE 2 FICUS,,,2,,,,,,,,,,,,,,,,2,19.44750537,-99.18301048,JUD JARDINERIA
468,26/04/14,LOS MANZANOS,LAGO TRASIMENO,195,SIN FOLIO,PODA DE 1 CIPRES,,,,,1,,,,,,,,,,,,,,1,19.44752817,-99.18314505,JUD JARDINERIA
469,26/04/15,LOS MANZANOS,LAGO TRASIMENO,203,SIN FOLIO,PODA DE 4 FICUS Y 1 FRESNO,5,,,,,,,,,,,,,,,,,,5,19.4473831,-99.18212069,JUD JARDINERIA
470,26/04/16,LOS MANZANOS,LAGO TRASIMENO,ESQUINA,SIN FOLIO,PODA DE 1 FRESNO BARRIDO Y RETIRO DE DESECHO VEGETAL,,,,,1,,,,,,,,,,,,,,1,19.44749939,-99.18273225,JUD JARDINERIA
471,,POPOTLA,MAR IRLANDA,13,4317,PODA DE 1 HULE,1,,,,,,,,,,,,,,,,,,1,19.45247817,-99.18445237,JUD JARDINERIA
472,,TACUBA,LAGO GUIJA,44,14436,PODA DE 1 OLMO,1,,,,,,,,,,,,,,,,,,1,19.45791135,-99.19036177,JUD JARDINERIA
473,,BOSQUES DE LAS LOMAS,BOSQUE DE CASTANOS,50,18838,PODA DE 3 FRESNOS,,,,,,,,,,,,,3,,,,,,3,19.40109804,-99.25049386,EMPRESA KAAB
474,,ESCANDON I SECCION,GRAL FRANCISCO MURGUIA,48,19929,PODA DE 2 FICUS Y DERRIBO 1 CEDRO,,,,,,,,,,,,,2,,,,,,2,19.40584586,-99.18115536,EMPRESA KAAB
475,,POLANCO IV SECCION,TEMISTOCLES,335,20183,PODA DE 1 JACARANDA,,,1,,,,,,,,,,,,,,,,1,19.43690999,-99.19117553,JUD JARDINERIA
476,,ESCANDON I SECCION,AV PROGRESO,72,21313,PODA DE 1 FRESNO,,,,,1,,,,,,,,,,,,,,1,19.4050107,-99.18088505,JUD JARDINERIA
477,,ESCANDON I SECCION,CARLOS B ZETINA,126,22148,PODA DE 2 FRESNOS   2 FICUS Y 1 OLMO CHINO,,,,,,,,,,,,,5,,,,,,5,19.4025549,-99.18342027,EMPRESA KAAB
478,,ESCANDON I SECCION,GRAL FRANCISCO MURGUIA,95 ESQUINA,22474,PODA DE 4 FICUS Y 1 FRESNO,,,,,,,,,,,,,5,,,,,,5,19.40363808,-99.18157349,EMPRESA KAAB
479,,LOMAS DE CHAPULTEPEC IV SECCION,ALICA,175,26394,PODA TOPIARIA DE 4 ARBOLES,,,,,,,,,,,,,,,4,,,,4,19.42262917,-99.20390237,JUD JARDINERIA
480,,ESCANDON I SECCION,CDA SALVADOR ALVARADO,1,26945,PODA DE 2 FICUS,,,,,,,,,,,,,2,,,,,,2,19.40099544,-99.18057623,EMPRESA KAAB
481,,ESCANDON I SECCION,CARLOS B ZETINA,138,27870,PODA DE 1 FRESNO,,,,,,,,,,,,,1,,,,,,1,19.40211634,-99.18371733,EMPRESA KAAB
482,,ESCANDON I SECCION,CARLOS B ZETINA,65,29032,PODA DE 2 TROENOS,2,,,,,,,,,,,,,,,,,,2,19.4055393,-99.18292915,JUD JARDINERIA
483,,ESCANDON I SECCION,GRAL SALVADOR ALVARADO,45,30613,PODA DE 1 FICUS,,,,,,,,,,,,,1,,,,,,1,19.40650166,-99.18268657,EMPRESA KAAB
484,,GRANADA,LAGO MARGARITA,27,31622,PODA DE 1 OLMO CHINO PARA LIBERAR FACHADA,,,1,,,,,,,,,,,,,,,,1,19.43887222,-99.1875919,JUD JARDINERIA
485,,ESCANDON I SECCION,GRAL SALVADOR ALVARADO,50,32338,PODA DE 1 AGUACATE   1 FRESNO   1 FICUS Y 1 JACARANDA,,,,,,,,,,,,,4,,,,,,4,19.4055081,-99.17928887,EMPRESA KAAB
486,,ESCANDON I SECCION,GRAL FRANCISCO MURGUIA,46,32556,PODA DE 1 FRESNO,,,,,,,,,,,,,1,,,,,,1,19.40600652,-99.18122026,EMPRESA KAAB
487,,ESCANDON I SECCION,AV PROGRESO,39,414,PODA DE 1 FICUS,,,,,,,,,,,,,,1,,,,,1,19.4058874,-99.18256343,JUD JARDINERIA
488,,ESCANDON I SECCION,CIENCIAS,86,685,PODA DE 1 HULE,,,,,,,,,,,,,1,,,,,,1,19.40367884,-99.18097507,EMPRESA KAAB
489,,ESCANDON I SECCION,GRAL SALVADOR ALVARADO,105,723,PODA DE 2 LIQUIDAMBAR Y 1 FICUS,,,,,,,,,,,,,3,,,,,,3,19.40253444,-99.18010127,EMPRESA KAAB
490,,ESCANDON I SECCION,CIENCIAS,41,894,PODA DE 1 TROENO   1 LIQUIDAMBAR   BAHUHINIA Y 1 FRESNO,,,,,,,,,,,,,4,,,,,,4,19.40572112,-99.17994489,EMPRESA KAAB
491,,ESCANDON I SECCION,CIENCIAS,86 B,1967,PODA DE 1 FICUS Y 1 HULE,,,,,,,,,,,,,2,,,,,,2,19.4036282,-99.18097509,EMPRESA KAAB
492,,ESCANDON I SECCION,AV PROGRESO,225,2703,PODA DE 1 HULE,1,,,,,,,,,,,,,,,,,,1,19.40265616,-99.17250765,JUD JARDINERIA
493,,ESCANDON II SECCION,SINDICALISMO,85A,3677,PODA DE 1 ARBOL   NO ESPECIFICA EL METODO DE PODA NI LA ESPECIE,1,,,,,,,,,,,,,,,,,,1,19.4017796,-99.173564,JUD JARDINERIA
494,,ESCANDON II SECCION,SINDICALISMO,76,4501,SE PODO 1 ARBOL Y EL SEGUNDO ARBOL NO SE PODO PORQUE UN AUTO ESTA DEBAJO   NO MENCIONA EL METODO DE PODA NI LA ESPECIE  ,1,,,,,,,,,,,,,,,,,,1,19.40190178,-99.17324206,JUD JARDINERIA
495,,ESCANDON I SECCION,DE LA CONSTITUCION,7,4561,PODA DE 1 FRESNO Y 1 OLMO CHINO,,,,,,,,,,,,,2,,,,,,2,19.4024803,-99.18301666,EMPRESA KAAB
496,,ESCANDON I SECCION,CARLOS B ZETINA,123,6032,PODA DE 1 LIQUIDAMBAR,,,,,,,,,,,,,1,,,,,,1,19.40272722,-99.183232,EMPRESA KAAB
497,,GRANADA,LAGO ONEGA,418,6344,PODA DE 3 TROENOS Y 1 JACARANDA PARA LIBERAR FACHADA,,,3,,,,,,,,,,,,,,,,3,19.43915094,-99.19022822,JUD JARDINERIA
498,,GRANADA,LAGO MARGARITA,21,6876,PODA DE 1 OLMO CHINO PARA LIBERAR FACHADA,,,1,,,,,,,,,,,,,,,,1,19.4388111,-99.18749313,JUD JARDINERIA
499,,MOLINO DEL REY,ALICA,175,SIN FOLIO,PODA TOPIARIA 4 ARBOLES,,,,,,,,,,,,,,,4,,,,4,19.41897612,-99.19448809,JUD JARDINERIA
500,,SAN MIGUEL CHAPULTEPEC II SECCION,GOB GREGORIO V GELATI,72,SIN FOLIO,PODA DE 2 TROENOS   1 PATA DE VACA Y 1 FRESNO,4,,,,,,,,,,,,,,,,,,4,19.4123722,-99.18811711,JUD JARDINERIA
501,,SAN MIGUEL CHAPULTEPEC I SECCION,GOB GRAL JOSE MORAN,98,8318,MANTENIMIENTO,,,,,,,,,,,,,,,3,,,,3,19.409441,-99.18870826,JUD JARDINERIA
502,,ESCANDON I SECCION,GRAL FRANCISCO MURGUIA,52,31032,PODA DE 1 FICUS,,,,,,,,,,,,,1,,,,,,1,19.40586886,-99.18125823,EMPRESA KAAB
503,,TORRE BLANCA,LAGO NICARAGUA,108,12184,PODA DE 2 FRESNOS,2,,,,,,,,,,,,,,,,,,2,19.45808561,-99.19654143,JUD JARDINERIA
504,,REFORMA SOCIAL,AV TECAMACHALCO,PARQUE REFORMA SOCIAL,SIN FOLIO,PODA DE 5 NIPESPEROS   5 FRESNOS   2 EUCALIPTOS   6 CEDROS   2 FICUS   5 PINOS Y 5 BAMBUS    SE INFORMA CON OFICIO    SPJ   0280   25 EL DIA 07   04   2025,,,25,,,,,,,,,,5,,,,,,30,19.42916444,-99.21892276,JUD JARDINERIA
505,,ESCANDON I SECCION,GRAL FRANCISCO MURGUIA,66,9007,PODA DE 1 PIRUL PARA LIBERAR FACHADA,,,,,1,,,,,,,,,,,,,,1,19.4050903,-99.1814086,JUD JARDINERIA
506,,NEXTITLA,PLAN SEXENAL,384,9177,MANTENIMIENTO,,,,,,,,,,,,,,,16,,,,16,19.4545005,-99.1741185,JUD JARDINERIA
507,,AMPLIACION DANIEL GARZA,ALFREDO TENNYSON,126,9257,PODA DE 2 ARBOLES ,,,,,2,,,,,,,,,,,,,,2,19.43219326,-99.19518886,JUD JARDINERIA
508,,LOMAS DE CHAPULTEPEC III SECCION,AV PRADO NORTE,610,12086,DERRIBO DE 2 TROENOS Y PODA DE 2 LIQUIDAMABAR,,,2,,,,,,,,,,,,,,,,2,19.42679047,-99.21489383,JUD JARDINERIA
509,,AMERICA,SUR 126,96,10160,MANTENIMIENTO,,,,,,,,,,,,,,,1,,,,1,19.40280544,-99.20138562,JUD JARDINERIA
510,,PLUTARCO ELIAS CALLES,FAUSTO NIETO,TRIANGULO,SIN FOLIO,MANTENIMIENTO,,,,,,,,,,,,,,,3,,,,3,19.4553984,-99.17137414,JUD JARDINERIA
511,,NEXTITLA,PLAN DE GUADALUPE,CAMELLON,SIN FOLIO,MANTENIMIENTO,,,,,,,,,,,,,,,2,,,,2,19.45498247,-99.1716611,JUD JARDINERIA
512,,SAN MIGUEL CHAPULTEPEC I SECCION,GRAL PEDRO ANTONIO DE LOS SANTOS,TODA LA CALLE,SIN FOLIO,MANTENIMIENTO,,,,,,,,,,,,,,,16,,,,16,19.4140105,-99.18166363,JUD JARDINERIA
513,,SAN MIGUEL CHAPULTEPEC II SECCION,FERNANDO MONTES DE OCA,TODA LA CALLE,SIN FOLIO,MANTENIMIENTO,,,,,,,,,,,,,,,13,,,,13,19.41415716,-99.17707829,JUD JARDINERIA
514,,BOSQUE DE CHAPULTEPEC II SECCION,AV CONSTITUYENTES,ALMACEN PANTEON CIVIL DE DOLORES,SIN FOLIO,MANTENIMIENTO,,,2,,,,,,,,,,,,,,,,2,19.40312681,-99.2135824,JUD JARDINERIA
515,,SAN MIGUEL CHAPULTEPEC I SECCION,JOAQUIN ARGAEZ,ESQUINA,SIN FOLIO,MANTENIMIENTO,,,,,,,,,,,,,,,7,,,,7,19.41606546,-99.17993006,JUD JARDINERIA
516,,TACUBAYA,AV REVOLUCION,JARDIN MARTIRES DE TACUBAYA,SIN FOLIO,MANTENIMIENTO,,,,,,,,,,,,,,,1,,,,1,19.39702422,-99.18597423,JUD JARDINERIA
517,,AMERICA,SUR 126,96,SIN FOLIO,PODA TOPIARIA   BARRIDO Y RETIRO DE DESECHO VEGETAL,,,,,,,,,,,,,,,1,,,,1,19.40283579,-99.20137489,JUD JARDINERIA
518,,BOSQUE DE CHAPULTEPEC II SECCION,FERNANDO ALENCASTRE,CAMPAMENTO ALENCASTRE,SIN FOLIO,MANTENIMIENTO,,,,,,,,,,,,,,,3,,,,3,19.4204186,-99.19608521,JUD JARDINERIA
519,,OBSERVATORIO,GOB M GONZALEZ CALDERON,25,SIN FOLIO,MANTENIMIENTO,,,,,,,,,,,,,,,1,,,,1,19.40629562,-99.19463988,JUD JARDINERIA
520,,AMERICA,PTE 73  A,ESQUINA,SIN FOLIO,PODA TOPIARIA  BARRIDO Y RETIRO DE DESECHO VEGETAL,,,,,,,,,,,,,,,6,,,,6,19.40383432,-99.20157866,JUD JARDINERIA
521,,AMERICA,SUR 136,18,SIN FOLIO,PODA TOPIARIA  BARRIDO Y RETIRO DE DESECHO VEGETAL,,,,,,,,,,,,,,,1,,,,1,19.40420772,-99.20444808,JUD JARDINERIA
522,,REFORMA SOCIAL,AV TECAMACHALCO,PARQUE REFORMA SOCIAL,SIN FOLIO,SE REALIZO PODA DE 5 NISPEROS 5 FRESNOS 2 EUCALIPTOS 6 CEDROS 2 FICUS 5 PINOS Y 5 BAMBUS ,,,25,,,,,,,,,,5,,,,,,30,19.4288609,-99.21870818,JUD JARDINERIA
523,,FRANCISCO I MADERO,CALLE 6,401,25370,PODA DE 1 FRESNO,1,,,,,,,,,,,,,,,,,,1,19.4475129,-99.20365252,EMPRESA KAAB
524,,SAN MIGUEL CHAPULTEPEC I SECCION,GOB JOSE CEBALLOS,53,SIN FOLIO,PODA DE 1 LIQUIDAMBAR,1,,,,,,,,,,,,,,,,,,1,19.40995246,-99.18894393,JUD JARDINERIA
525,,ANAHUAC I SECCION,LAGUNA DE SAN CRISTOBAL,GLORIETA DE SAN CRISTOBAL,SIN FOLIO,PODA DE 12 FICUS,,,,,,,,,,,,,,,,,,12,12,19.4439344,-99.17084349,JUD JARDINERIA
526,,LOMAS DE CHAPULTEPEC,MONTE TABOR,S/N,SIN FOLIO,PODA DE 2 PIRUL,,,2,,,,,,,,,,,,,,,,2,19.42844412,-99.216881,JUD JARDINERIA
527,,IRRIGACION,PRESA LA ANGOSTURA,10,7890,PODA DE 1 ARBOL PARA LIBERACION DE FACHADA,,,,,1,,,,,,,,,,,,,,1,19.43917975,-99.20799548,JUD JARDINERIA
528,,ANAHUAC I SECCION,LAGUNA DE TERMINOS,302,23804,PODA DE 1 FICUS,,,,,,,,,,,,,,,,,,1,1,19.44350543,-99.18106699,JUD JARDINERIA
529,,POLANCO,TEMISTOCLES,TODA LA CALLE,SIN FOLIO,PODA DE 1 FRESNO Y 1 TROENO,,,,,,,2,,,,,,,,,,,,2,19.43257048,-99.19185516,JUD JARDINERIA
530,,POLANCO,TEMISTOCLES,VARIOS NUMEROS,SIN FOLIO,PODA DE 3 TROENOS 1 FRESNO 2 JACARANDAS 2 LIQUIDAMABAR 2 LAUREL 2 FICUS Y 1 ALMENDRO ,,,,,,,13,,,,,,,,,,,,13,19.43257048,-99.19185516,JUD JARDINERIA
531,,POLANCO,AV EJERCITO NACIONAL MEXICANO,"FTE AL 358, 350, 330, 320, 310 Y 308",SIN FOLIO,PODA DE 1 JACARANDA 1 PIRUL 1 LIQUIDAMABAR 10 TROENOS,,,,,,,13,,,,,,,,,,,,13,19.43744174,-99.18566055,JUD JARDINERIA
532,,POLANCO,TEMISTOCLES,TODA LA CALLE,SIN FOLIO,PODA DE 6 ARBOLES PARA LIBERACION DE LUMINARIA,,,,,,,6,,,,,,,,,,,,6,19.43261095,-99.19181225,JUD JARDINERIA
533,,POPOTLA,MAR DE BANDA,"11 ESC PRIM ""ARBOL DE LA NOCHE TRISTE""",SIN FOLIO,PODA DE 6 ARBOLES AL INTERIOR DEL PLANTEL,,,6,,,,,,,,,,,,,,,,6,19.45658328,-99.1761848,JUD JARDINERIA
534,,ESCANDON I SECCION,ASTRONOMOS,ESQUINA,SIN FOLIO,PODA DE 1 HULE 1 FRESNO 1 LIQUIDAMABAR 1 FICUS Y SOBRE ARQUITECTOS PODA DE 1 ALAMO,,,5,,,,,,,,,,,,,,,,5,19.40038094,-99.1718438,JUD JARDINERIA
535,,ANAHUAC I SECCION,LAGUNA DE TERMINOS,279,22654,PODA DE 1 HULE,,,,,,,,,,,,,,,,,,1,1,19.44334634,-99.18180465,JUD JARDINERIA
536,20/05/2025,POLANCO V SECCION,SCHILLER,255,13196,PODA DE 13 ARBOLES LIBERACION DE 4 LUMINARIAS ,13,,,,,,4,,,,,,,,,,,,17,19.4335232,-99.18655,JUD JARDINERIA
537,20/05/2025,AMPLIACION TORRE BLANCA,LAGO SAN MARTIN,49,14710,SE REALIZO PODA DE 2 FRESNOS,,,,,,,,,,,,,1,,,,,,1,19.45644221,-99.2012015,EMPRESA KAAB
538,16/05/2025,TLAXPANA,TLALOC,102,15724,PODA DE 1 FRESNO,,,,,1,,,,,,,,,,,,,,1,19.43828263,-99.17078627,JUD JARDINERIA
539,08/05/2025,LOMAS DE SOTELO,1ER RETORNO CALLE 7,EDIF 41A,22961,PODA DE 1 LAUREL,1,,,,,,,,,,,,,,,,,,1,19.43199313,-99.21882735,JUD JARDINERIA
540,09/05/2025,ESCANDON II SECCION,AGRARISMO,15,30538,PODA DE 1 JACARANDA,,,,,,,,,,,,,1,,,,,,1,19.40303938,-99.17190676,JUD JARDINERIA
541,15/05/2025,SAN DIEGO OCOYOACAC,LAGO MANAGUA,75,31246,PODA DE 1 FICUS,1,,,,,,,,,,,,,,,,,,1,19.46166725,-99.19586968,JUD JARDINERIA
542,05/05/2025,HUICHAPAN,LAGO GASCASONICA,227,769,PODA DE 1 PIRUL,1,,,,,,,,,,,,,,,,,,1,19.4617646,-99.1960703,JUD JARDINERIA
543,08/05/2025,AMERICA,SUR 130,34,1390,PODA DE 1 FICUS,,,1,,,,,,,,,,,,,,,,1,19.40423138,-99.20295927,JUD JARDINERIA
544,02/05/2025,AMERICA,SUR 126,44 Z,1811,PODA DE 1 FICUS,,,1,,,,,,,,,,,,,,,,1,19.4039347,-99.20293623,JUD JARDINERIA
545,05/05/2025,HUICHAPAN,LAGO SAIMA,91,4125,PODA DE 1 FRESNO,1,,,,,,,,,,,,,,,,,,1,19.46167271,-99.19810642,JUD JARDINERIA
546,20/05/2025,AHUEHUETES ANAHUAC,PRIV NICOLAS BRAVO,12,6406,PODA DE 1 FICUS,,,,,,,,,,,,,1,,,,,,1,19.44954432,-99.1893305,EMPRESA KAAB
547,02/05/2025,AMERICA,SUR 130,73,6454,PODA DE 1 FRESNO,,,1,,,,,,,,,,,,,,,,1,19.40276944,-99.20326423,JUD JARDINERIA
548,20/05/2025,LAGO NORTE,2DA CDA DE LAGO BOLSENA,67,7560,PODA DE 1 FRESNO,,,1,,,,,,,,,,,,,,,,1,19.44625775,-99.18910352,EMPRESA KAAB
549,02/05/2025,AMERICA,SUR 130,45,7582,PODA DE 2 FRESNOS,,,2,,,,,,,,,,,,,,,,2,19.4040521,-99.20315915,JUD JARDINERIA
550,02/05/2025,AMERICA,SUR 130,56,7640,PODA DE 1 FRESNO,,,1,,,,,,,,,,,,,,,,1,19.40341812,-99.20298675,JUD JARDINERIA
551,15/05/2025,ESCANDON I SECCION,JOSE MARIA VIGIL,86,7696,PODA DE 1 ARBOL,1,,,,,,,,,,,,,,,,,,1,19.40146872,-99.18228647,JUD JARDINERIA
552,26/05/2025,DANIEL GARZA,CNEL AMADO CAMACHO,41,9065,PODA DE 1 CASUARINA,,,1,,,,,,,,,,,,,,,,1,19.4053606,-99.2026183,JUD JARDINERIA
553,14/05/2025,ANAHUAC I SECCION,LAGUNA DE TERMINOS,456,ID 0524,PODA DE 1 EUCALIPTO,1,,,,,,,,,,,,,,,,,,1,19.4425653,-99.17396412,JUD JARDINERIA
554,12/05/2025,SAN MIGUEL CHAPULTEPEC I SECCION,CDA GOB IGNACIO ESTEVA,PARQUE,9849,MANTENIMIENTO,,,,,,,,,,,,,,,1,,,,1,19.41041286,-99.18969382,JUD JARDINERIA
555,15/05/2025,LOMAS DE SOTELO,3ER ANILLO DE CIRCUNVALACION,EDIF 63 A,9898,PODA DE 2 OLMOS CHINOS 1 EUCALIPTO 1 FRESNO Y 1 AGUACATE,,,2,,,,,,,,,,3,,,,,,5,19.44874385,-99.21381415,JUD JARDINERIA
556,19/05/2025,LOMAS DE SOTELO,CALLE 7,EDIF 64 A,9897,PODA DE 1 CEDRO,,,,,1,,,,,,,,,,,,,,1,19.44858933,-99.21480482,JUD JARDINERIA
557,19/05/2025,LOMAS DE SOTELO,CALLE 7,EDIF 65B,9895,PODA DE 1 FICUS 1 LAUREL Y 1 PIRUL BRASILENO,,,,,3,,,,,,,,,,,,,,3,19.44867718,-99.21487767,JUD JARDINERIA
558,19/05/2025,LOMAS DE SOTELO,CALLE 9,EDIF 74B,9896,PODA DE 1 OCOTE,,,1,,,,,,,,,,,,,,,,1,19.44799373,-99.21517713,JUD JARDINERIA
559,15/05/2025,AMERICA,PTE 73,108,10267,PODA TOPIARIA BARRIDO Y RETIRO DE DESECHO VEGETAL,,,,,,,,,,,,,,,2,,,,2,19.40431862,-99.20367343,JUD JARDINERIA
560,15/05/2025,AMERICA,SUR 126,68,10139,PODA TOPIARIA BARRIDO Y RETIRO DE DESECHO VEGETAL,,,,,,,,,,,,,,,1,,,,1,19.40406108,-99.20146676,JUD JARDINERIA
561,12/05/2025,SAN MIGUEL CHAPULTEPEC I SECCION,13 DE SEPTIEMBRE,7,10833,PODA TOPIARIA BARRIDO Y RETIRO DE DESECHO VEGETAL,,,,,,,,,,,,,,,1,,,,1,19.39879052,-99.17991415,JUD JARDINERIA
562,13/05/2025,HUICHAPAN,LAGO GASCASONICA,194,10726,PODA TOPIARIA BARRIDO Y RETIRO DE DESECHO VEGETAL,,,,,,,,,,,,,,,1,,,,1,19.4612125,-99.19517567,JUD JARDINERIA
563,13/05/2025,HUICHAPAN,LAGO PLAVA,ESQUINA,10773,PODA TOPIARIA BARRIDO Y RETIRO DE DESECHO VEGETAL,,,,,,,,,,,,,,,5,,,,5,19.46184021,-99.197624,JUD JARDINERIA
564,13/05/2025,AMERICA,SUR 136,34,10662,PODA TOPIARIA DE 1 ARBOL,,,,,,,,,,,,,,,1,,,,1,19.40342237,-99.20436272,JUD JARDINERIA
565,09/05/2025,SAN DIEGO OCOYOACAC,LAGO ATHABASCA,240 ESQUINA,SIN FOLIO,MANTENIMIENTO,,,,,,,,,,,,,,,4,,,,4,19.46280681,-99.1959654,JUD JARDINERIA
566,05/05/2025,SAN MIGUEL CHAPULTEPEC I SECCION,GOB MELCHOR MUZQUIZ,PARQUE DE BOLSILLO EL CHORRITO,SIN FOLIO,MANTENIMIENTO,,,,,,,,,,,,,,,2,,,,2,19.41211529,-99.19073272,JUD JARDINERIA
567,05/05/2025,SAN MIGUEL CHAPULTEPEC I SECCION,AV PARQUE LIRA,ESQUINA,SIN FOLIO,MANTENIMIENTO,,,,,,,,,,,,,,,2,,,,2,19.40907959,-99.19035721,JUD JARDINERIA
568,05/05/2025,SAN MIGUEL CHAPULTEPEC I SECCION,AV PARQUE LIRA,METRO CONSTITUYENTES,SIN FOLIO,MANTENIMIENTO,,,,,,,,,,,,,,,13,,,,13,19.41155875,-99.19148374,JUD JARDINERIA
569,12/05/2025,AMERICA,SUR 128,PARQUE DE BOLSILLO ESQUINA,SIN FOLIO,MANTENIMIENTO,,,,,,,,,,,,,,,1,,,,1,19.40623121,-99.20275337,JUD JARDINERIA
570,12/05/2025,16 DE SEPTIEMBRE,SUR 138 ESQUINA,AV OBSERVATORIO,SIN FOLIO,MANTENIMIENTO,,,,,,,,,,,,,,,3,,,,3,19.40114241,-99.20446036,JUD JARDINERIA
571,13/05/2025,AMERICA,SUR 132,ESQUINA,SIN FOLIO,PODA TOPIARIA BARRIDO Y RETIRO DE DESECHO VEGETAL,,,,,,,,,,,,,,,7,,,,7,19.40169932,-99.20379513,JUD JARDINERIA
572,14/05/2025,AMPLIACION DANIEL GARZA,GOB JOSE CEBALLOS,ESQUINA,SIN FOLIO,MANTENIMIENTO,,,,,,,,,,,,,,,1,,,,1,19.40980286,-99.19066716,JUD JARDINERIA
573,14/05/2025,NEXTITLA,MAR EGEO,JARDIN FELIPE LLERA,SIN FOLIO,PODA TOPIARIA Y BARRIDO,,,,,,,,,,,,,,,1,,,,1,19.45543531,-99.17558723,JUD JARDINERIA
574,15/05/2025,POLANCO V SECCION,AV PRESIDENTE MASARYK,ESQUINA,SIN FOLIO,PODA DE 1 TULIPAN AFRICANO,,,,,,,,,,,,,,,1,,,,1,19.43166636,-99.1967724,JUD JARDINERIA
575,15/05/2025,AMERICA,SUR 128,49 CENDI CARMEN SERDAN,SIN FOLIO,MANTENIMIENTO,,,,,,,,,,,,,,,9,,,,9,19.40432755,-99.20243811,JUD JARDINERIA
576,15/05/2025,ESCANDON I SECCION,PROGRESO,173,SIN FOLIO,RETIRO DE 1 RAMAS ENTRE LOS CABLES,,,,,,1,,,,,,,,,,,,,1,19.4035947,-99.17546773,JUD JARDINERIA
577,19/05/2025,MODELO PENSIL,LAGO ONEGA,227,SIN FOLIO,PODA DE 1 LAUREL,1,,,,,,,,,,,,,,,,,,1,19.44530476,-99.1896968,JUD JARDINERIA
578,19/05/2025,NEXTITLA,MOLINO,13,18426,PODA DE 2 JACARANDAS Y 1 FICUS,,,3,,,,,,,,,,,,,,,,3,19.45734567,-99.17248253,JUD JARDINERIA
579,05/05/2025,TACUBA,LAGO ERIE,28,SIN FOLIO,PODA DE 1 ALAMO NO SE PUDO PODAR MÁS POR SOBRE RUEDAS,,,1,,,,,,,,,,,,,,,,1,19.4546745,-99.1898944,JUD JARDINERIA
580,20/05/2025,5 DE MAYO,LAGO ZUMPANGO,ESQUINA,SIN FOLIO,PODA DE 1 PIRUL DE BRASIL 1 DYRAZNO Y 1 CAPULIN,,,3,,,,,,,,,,,,,,,,3,19.4476482,-99.19901903,JUD JARDINERIA
581,20/05/2025,LAGO NORTE,2DA CDA LAGO BOLSENA,57,20560,PODA DE 1 FICUS,,,,,,,,,,,,,1,,,,,,1,19.44655199,-99.18753638,EMPRESA KAAB
582,01/05/2025,ARGENTINA ANTIGUA,LAGO MUSTERS,74,SIN FOLIO,PODA DE 1 FRESNO,,,,,,,,,,,,,1,,,,,,1,19.45647928,-99.2044951,EMPRESA KAAB
583,20/05/2025,AHUEHUETES ANAHUAC,PRIV NICOLAS BRAVO,23,11892,PODA DE 1 FICUS,,,,,,,,,,,,,1,,,,,,1,19.44988331,-99.1889584,EMPRESA KAAB
584,15/05/2025,BOSQUE DE CHAPULTEPEC II SECCION,JUAN ODONOJU,SIN NUMERO,SIN FOLIO,DERRIBO DE 1 EUCALIPTO 1 OCOTE Y PODA DE 1 CAPULIN,1,,,,,,,,,,,,,,,,,,1,19.4197339,-99.2049367,JUD JARDINERIA
585,22/05/2025,TACUBA,FERROCARRIL DE CUERNAVACA,VIAS,SIN FOLIO,PODA DE 1 FICUS Y 1 CEDRO,,,2,,,,,,,,,,,,,,,,2,19.45251183,-99.17480273,JUD JARDINERIA
586,22/05/2025,ANAHUAC I SECCION,LAGUNA DE TERMINOS,ESQUINA FACHADA AMARILLA,SIN FOLIO,PODA DE 1 FICUS,,,1,,,,,,,,,,,,,,,,1,19.44331983,-99.1809795,JUD JARDINERIA
587,26/05/2025,AMPLIACION DANIEL GARZA,CDA DE GRAL MANUEL M ECHEGARAY,TODA LA CALLE,SIN FOLIO,PODA DE 2 LAUREL Y 1 OLMO CHINO,,,3,,,,,,,,,,,,,,,,3,19.40864116,-99.19541486,JUD JARDINERIA
588,26/05/2025,POLANCO,EUGENIO SUE,TODA LA CALLE,SIN FOLIO,PODA DE 10 ARBOLES PARA LIBERACION DE 10 LUMINARIAS,,,,,,,10,,,,,,,,,,,,10,19.43336853,-99.1941089,JUD JARDINERIA
589,12/05/2025,POPOTLA,LAGO COMO,33,SIN FOLIO,PODA DE 1 FRESNO,,,,,1,,,,,,,,,,,,,,1,19.45042607,-99.18343128,JUD JARDINERIA
590,28/05/2025,DANIEL GARZA,GRAL MIGUEL QUINTANA,45,SIN FOLIO,PODA DE 2 ARBOLES,,,2,,,,,,,,,,,,,,,,2,19.40682974,-99.19832049,JUD JARDINERIA
591,21/05/2025,5 DE MAYO,CALLE 2,SIN NUMERO,SIN FOLIO,PODA DE 1 ARBOL,,,1,,,,,,,,,,,,,,,,1,19.44934352,-99.20267471,JUD JARDINERIA
592,05/05/2025,POLANCO,GALILEO,TODA LA CALLE,SIN FOLIO,PODA DE 4 TREONOS 3 FRESNOS Y 1 LAUREL PARA LIBERACION DE LUMINARIAS,,,,,,,8,,,,,,,,,,,,8,19.43361743,-99.19251645,JUD JARDINERIA
593,28/05/2025,TLAXPANA,TONANTZIN,53,SIN FOLIO,PODA DE 1 FICUS Y 1 PIRUL PARA LIBERACION DE LUMINARIA,,,,,,,2,,,,,,,,,,,,2,19.44209167,-99.16984149,JUD JARDINERIA
594,28/05/2025,TLAXPANA,TONANTZIN,ESQUINA,SIN FOLIO,PODA DE 1 FICUS 1 ALAMO Y 1 ARBOL ,,,,,,,3,,,,,,,,,,,,3,19.44178816,-99.16983076,JUD JARDINERIA
595,28/05/2025,TLAXPANA,TONANTZIN,48,SIN FOLIO,PODA DE 1 NISPERO Y 1 BUGAMBILIA,,,2,,,,,,,,,,,,,,,,2,19.44191128,-99.16933936,JUD JARDINERIA
596,27/05/2025,IGNACIO MANUEL ALTAMIRANO,LAGO AULLAGAS,136,SIN FOLIO,PODA DE 1 FICUS   1 ARBOL SIN IDENTIFICAR Y 1 NISPERO,,,,3,,,,,,,,,,,,,,,3,19.46371924,-99.19653677,JUD JARDINERIA
