NO CONSECUTIVO,EQUIPAMIENTO  URBANO ,TIPO DE ACTIVIDAD,CALLE,NUMERO,COLONIA,LATITUD,LONGITUD,ACTIVIDAD,FOLIO CESAC,PETICION ESCRITA,PETICI‡N A TRAVES DE FUNCIONARIO,REDES SOCIALES,FECHA INICIO,FECHA TERMINO,AVANCE,FUENTE,BANQUETA M2,GUARNICION ML,DEMOLICION M2,CIMBRADO ML,ALBANILERIA GENERAL M2,PINTURA M2,MALLA CICL‡NICA M2,REGISTROS PIEZAS,BOLARDOS PIEZAS,ESCOMBRO M3,FUENTE PIEZAS,JUEGOS INFANTILES PIEZA,COLOR DEL AREA
936,VIA PUBLICA,MANTENIMIENTO GENERAL A EQUIPAMIENTO URBANO,JOSE LUIS LAGRANGE Y HORACIO,SIN NUMERO ,POLANCO I,19.43552234,-99.21099602,REPARACION DE  TAPAS DE REGISTRO,NO APLICA,NO APLICA,INSTRUCCION SUPERIOR,NO APLICA,25/05/01,25/05/01,100%,SUBDIRECCION DE INFRAESTRUCTURA PUBLICA ,NO APLICA ,NO APLICA ,NO APLICA ,NO APLICA ,NO APLICA ,NO APLICA ,NO APLICA ,2,NO APLICA ,NO APLICA ,NO APLICA ,NO APLICA ,ANARANJADO
937,PARQUE FATIMA,MANTENIMIENTO GENERAL A EQUIPAMIENTO URBANO,PRESA ESCAME ,40,IRRIGACION,19.44299454,-99.21104423,CAMBIO DE PASTILLA PARA EQUIPO DE RIEGO,NO APLICA,NO APLICA,INSTRUCCION SUPERIOR,NO APLICA,25/05/02,25/05/02,100%,SUBDIRECCION DE INFRAESTRUCTURA PUBLICA ,NO APLICA ,NO APLICA ,NO APLICA ,NO APLICA ,NO APLICA ,NO APLICA ,NO APLICA ,NO APLICA ,NO APLICA ,NO APLICA ,NO APLICA ,NO APLICA ,ANARANJADO
938,ESCOMBRO,RETIRO,BAHIA DE SANTA BARBARA ,102,VERONICA ANZURES,19.43644109,-99.17435348,NO SE ENCONTRO ESCOMBRO,NO APLICA,NO APLICA,INSTRUCCION SUPERIOR,NO APLICA,25/05/03,25/05/03,100%,SUBDIRECCION DE INFRAESTRUCTURA PUBLICA ,NO APLICA ,NO APLICA ,NO APLICA ,NO APLICA ,NO APLICA ,NO APLICA ,NO APLICA ,NO APLICA ,NO APLICA ,NO APLICA ,NO APLICA ,NO APLICA ,ANARANJADO
939,ESCOMBRO,RETIRO,LAGO ONEGA ,134,AHUEHUETES ANAHUAC,19.44846665,-99.18887837,NO SE ENCONTRO ESCOMBRO,NO APLICA,NO APLICA,INSTRUCCION SUPERIOR,NO APLICA,25/05/04,25/05/04,100%,SUBDIRECCION DE INFRAESTRUCTURA PUBLICA ,NO APLICA ,NO APLICA ,NO APLICA ,NO APLICA ,NO APLICA ,NO APLICA ,NO APLICA ,NO APLICA ,NO APLICA ,NO APLICA ,NO APLICA ,NO APLICA ,ANARANJADO
940,ESCOMBRO,RETIRO,AVENIDA  HOMERO ,526,POLANCO V,19.43538799,-99.18993468,NO SE ENCONTRO ESCOMBRO,NO APLICA,NO APLICA,INSTRUCCION SUPERIOR,NO APLICA,25/05/05,25/05/05,100%,SUBDIRECCION DE INFRAESTRUCTURA PUBLICA ,NO APLICA ,NO APLICA ,NO APLICA ,NO APLICA ,NO APLICA ,NO APLICA ,NO APLICA ,NO APLICA ,NO APLICA ,NO APLICA ,NO APLICA ,NO APLICA ,ANARANJADO
941,ESCOMBRO,RETIRO,LAGO TLAHUAC ,30,ANAHUAC I,19.44469306,-99.17204464,RETIRO DE ESCOMBRO,NO APLICA,NO APLICA,INSTRUCCION SUPERIOR,NO APLICA,25/05/06,25/05/06,100%,SUBDIRECCION DE INFRAESTRUCTURA PUBLICA ,NO APLICA ,NO APLICA ,NO APLICA ,NO APLICA ,NO APLICA ,NO APLICA ,NO APLICA ,NO APLICA ,NO APLICA ,NO APLICA ,NO APLICA ,NO APLICA ,ANARANJADO
942,ESCOMBRO,RETIRO,RIO TLACOTALPAN ,47,ARGENTINA PONIENTE,19.45753072,-99.20701944,RETIRO DE ESCOMBRO,NO APLICA,NO APLICA,INSTRUCCION SUPERIOR,NO APLICA,25/05/07,25/05/07,100%,SUBDIRECCION DE INFRAESTRUCTURA PUBLICA ,NO APLICA ,NO APLICA ,NO APLICA ,NO APLICA ,NO APLICA ,NO APLICA ,NO APLICA ,NO APLICA ,NO APLICA ,NO APLICA ,NO APLICA ,NO APLICA ,ANARANJADO
943,ESCOMBRO,RETIRO,PONIENTE 119 ,207,POPO,19.44508065,-99.19966776,RETIRO DE ESCOMBRO,NO APLICA,NO APLICA,INSTRUCCION SUPERIOR,NO APLICA,25/05/08,25/05/08,100%,SUBDIRECCION DE INFRAESTRUCTURA PUBLICA ,NO APLICA ,NO APLICA ,NO APLICA ,NO APLICA ,NO APLICA ,NO APLICA ,NO APLICA ,NO APLICA ,NO APLICA ,NO APLICA ,NO APLICA ,NO APLICA ,ANARANJADO
944,ALCALDIA MIGUEL HIDALGOEDIFICIO AMARILLO,MANTENIMIENTO GENERAL A EQUIPAMIENTO URBANO,AVENIDA  PARQUE LIRA ,94,OBSERVATORIO,19.40726125,-99.1906672,REINSTALACION DE LOSETAS ,NO APLICA,NO APLICA,INSTRUCCION SUPERIOR,NO APLICA,25/05/09,25/05/09,100%,SUBDIRECCION DE INFRAESTRUCTURA PUBLICA ,NO APLICA ,NO APLICA ,NO APLICA ,NO APLICA ,NO APLICA ,NO APLICA ,NO APLICA ,NO APLICA ,NO APLICA ,NO APLICA ,NO APLICA ,NO APLICA ,ANARANJADO
945,BANQUETA,COLADO,GOLFO DE SIAM,SIN NUMERO ,ANGEL ZIMBRON,19.46273646,-99.18953138,COLADO DE BANQUETA,NO APLICA,NO APLICA,INSTRUCCION SUPERIOR,NO APLICA,25/05/10,25/05/10,100%,SUBDIRECCION DE INFRAESTRUCTURA PUBLICA ,NO APLICA ,NO APLICA ,NO APLICA ,NO APLICA ,NO APLICA ,NO APLICA ,NO APLICA ,NO APLICA ,NO APLICA ,NO APLICA ,NO APLICA ,NO APLICA ,ANARANJADO
946,BANQUETA,COLADO,SIERRA VENTANA Y MONTE ARARAT,SIN NUMERO ,LOMAS DE CHAPULTEPEC II,19.41635226,-99.22609867,COLADO DE RAMPA DE DISCAPACIDAD,NO APLICA,NO APLICA,INSTRUCCION SUPERIOR,NO APLICA,25/05/11,25/05/11,100%,SUBDIRECCION DE INFRAESTRUCTURA PUBLICA ,NO APLICA ,NO APLICA ,NO APLICA ,NO APLICA ,NO APLICA ,NO APLICA ,NO APLICA ,NO APLICA ,NO APLICA ,NO APLICA ,NO APLICA ,NO APLICA ,ANARANJADO
947,BANQUETA,COLADO,SIERRA VENTANAS ,755,LOMAS DE CHAPULTEPEC II,19.41562612,-99.22666932,COLADO DE BANQUETA,NO APLICA,NO APLICA,INSTRUCCION SUPERIOR,NO APLICA,25/05/12,25/05/12,100%,SUBDIRECCION DE INFRAESTRUCTURA PUBLICA ,NO APLICA ,NO APLICA ,NO APLICA ,NO APLICA ,NO APLICA ,NO APLICA ,NO APLICA ,NO APLICA ,NO APLICA ,NO APLICA ,NO APLICA ,NO APLICA ,ANARANJADO
948,BANQUETA,COLADO,FERNANDO ALENCASTRE ,240,LOMAS DE CHAPULTEPEC IV,19.42140962,-99.20415064,COLADO DE BANQUETA,NO APLICA,NO APLICA,INSTRUCCION SUPERIOR,NO APLICA,25/05/13,25/05/13,100%,SUBDIRECCION DE INFRAESTRUCTURA PUBLICA ,NO APLICA ,NO APLICA ,NO APLICA ,NO APLICA ,NO APLICA ,NO APLICA ,NO APLICA ,NO APLICA ,NO APLICA ,NO APLICA ,NO APLICA ,NO APLICA ,ANARANJADO
949,ALCALDIA MIGUEL HIDALGO EDIFICIO AMARILLO,MANTENIMIENTO GENERAL A EQUIPAMIENTO URBANO,AVENIDA  PARQUE LIRA ,94,OBSERVATORIO,19.40726125,-99.1906672,REINSTALACION DE LOSETAS,NO APLICA,NO APLICA,INSTRUCCION SUPERIOR,NO APLICA,25/05/14,25/05/14,100%,SUBDIRECCION DE INFRAESTRUCTURA PUBLICA ,NO APLICA ,NO APLICA ,NO APLICA ,NO APLICA ,NO APLICA ,NO APLICA ,NO APLICA ,NO APLICA ,NO APLICA ,NO APLICA ,NO APLICA ,NO APLICA ,ANARANJADO
950,VIA PUBLICA,MANTENIMIENTO GENERAL A EQUIPAMIENTO URBANO,LAGUNA DE MAYRAN Y AVENIDA  MARINA NACIONAL,SIN NUMERO ,ANAHUAC I,19.44065597,-99.17597781,RETIRO DE BARANDAL,NO APLICA,NO APLICA,INSTRUCCION SUPERIOR,NO APLICA,25/05/15,25/05/15,100%,SUBDIRECCION DE INFRAESTRUCTURA PUBLICA ,NO APLICA ,NO APLICA ,NO APLICA ,NO APLICA ,NO APLICA ,NO APLICA ,NO APLICA ,NO APLICA ,NO APLICA ,NO APLICA ,NO APLICA ,NO APLICA ,ANARANJADO
951,DEPORTIVO PLAN SEXENAL,MANTENIMIENTO GENERAL A EQUIPAMIENTO URBANO,PLAN DE GUADALUPE Y MAR MEDITERRANEO,SIN NUMERO ,NEXTITLA,19.45474177,-99.17346973,RETIRO DE ALFOMBRA DE CANCHA,NO APLICA,NO APLICA,INSTRUCCION SUPERIOR,NO APLICA,25/05/16,25/05/16,100%,SUBDIRECCION DE INFRAESTRUCTURA PUBLICA ,NO APLICA ,NO APLICA ,NO APLICA ,NO APLICA ,NO APLICA ,NO APLICA ,NO APLICA ,NO APLICA ,NO APLICA ,NO APLICA ,NO APLICA ,NO APLICA ,ANARANJADO
952,PARQUE LINCOLN,MANTENIMIENTO GENERAL A EQUIPAMIENTO URBANO,JULIO VERNE ENTRE LUIS G URBINA Y EMILIO CASTELAR,SIN NUMERO ,POLANCO,19.42949523,-99.19734177,REPARACION DE JUEGO INFANTIL PUENTE COLGANTE,NO APLICA,NO APLICA,INSTRUCCION SUPERIOR,NO APLICA,25/05/17,25/05/17,100%,SUBDIRECCION DE INFRAESTRUCTURA PUBLICA ,NO APLICA ,NO APLICA ,NO APLICA ,NO APLICA ,NO APLICA ,NO APLICA ,NO APLICA ,NO APLICA ,NO APLICA ,NO APLICA ,NO APLICA ,NO APLICA ,ANARANJADO
953,ESCOMBRO,RETIRO,CALZADA MEXICO TACUBA ,911,SAN DIEGO OCOYOACAC,19.46042379,-99.19353296,RETIRO DE ESCOMBRO DE SORIANA TACUBA,NO APLICA,NO APLICA,INSTRUCCION SUPERIOR,NO APLICA,25/05/18,25/05/18,100%,SUBDIRECCION DE INFRAESTRUCTURA PUBLICA ,NO APLICA ,NO APLICA ,NO APLICA ,NO APLICA ,NO APLICA ,NO APLICA ,NO APLICA ,NO APLICA ,NO APLICA ,NO APLICA ,NO APLICA ,NO APLICA ,ANARANJADO
954,ESCOMBRO,RETIRO,LAGO CUITZEO ,74,ANAHUAC I,19.44674287,-99.17361316,NO SE ENCONTRO ESCOMBRO,NO APLICA,NO APLICA,INSTRUCCION SUPERIOR,NO APLICA,25/05/19,25/05/19,100%,SUBDIRECCION DE INFRAESTRUCTURA PUBLICA ,NO APLICA ,NO APLICA ,NO APLICA ,NO APLICA ,NO APLICA ,NO APLICA ,NO APLICA ,NO APLICA ,NO APLICA ,NO APLICA ,NO APLICA ,NO APLICA ,ANARANJADO
955,ESCOMBRO,RETIRO,EMMANUEL KANT Y LEIBNITZ,SIN NUMERO ,ANZURES,19.42928419,-99.17841447,NO SE ENCONTRO ESCOMBRO,NO APLICA,NO APLICA,INSTRUCCION SUPERIOR,NO APLICA,25/05/20,25/05/20,100%,SUBDIRECCION DE INFRAESTRUCTURA PUBLICA ,NO APLICA ,NO APLICA ,NO APLICA ,NO APLICA ,NO APLICA ,NO APLICA ,NO APLICA ,NO APLICA ,NO APLICA ,NO APLICA ,NO APLICA ,NO APLICA ,ANARANJADO
956,ESCOMBRO,RETIRO,ROUSSEAU ,35,ANZURES,19.43289095,-99.1804367,RETIRO DE ESCOMBRO,NO APLICA,NO APLICA,INSTRUCCION SUPERIOR,NO APLICA,25/05/21,25/05/21,100%,SUBDIRECCION DE INFRAESTRUCTURA PUBLICA ,NO APLICA ,NO APLICA ,NO APLICA ,NO APLICA ,NO APLICA ,NO APLICA ,NO APLICA ,NO APLICA ,NO APLICA ,NO APLICA ,NO APLICA ,NO APLICA ,ANARANJADO
957,BANQUETA,DEMOLICION,EDGAR ALLAN POE ,228,POLANCO III,19.43525592,-99.19984542,COLADO DE BANQUETA,NO APLICA,NO APLICA,INSTRUCCION SUPERIOR,NO APLICA,25/05/22,25/05/22,100%,SUBDIRECCION DE INFRAESTRUCTURA PUBLICA ,14.5,NO APLICA ,NO APLICA ,NO APLICA ,NO APLICA ,NO APLICA ,NO APLICA ,NO APLICA ,NO APLICA ,NO APLICA ,NO APLICA ,NO APLICA ,ANARANJADO
958,BANQUETA,PREPARACION,PRADO NORTE ,610,LOMAS DE CHAPULTEPEC,19.42678674,-99.21487287,PREPARACION DE BANQUETA,NO APLICA,NO APLICA,INSTRUCCION SUPERIOR,NO APLICA,25/05/23,25/05/23,100%,SUBDIRECCION DE INFRAESTRUCTURA PUBLICA ,NO APLICA ,NO APLICA ,NO APLICA ,NO APLICA ,NO APLICA ,NO APLICA ,NO APLICA ,NO APLICA ,NO APLICA ,NO APLICA ,NO APLICA ,NO APLICA ,ANARANJADO
959,BANQUETA,COLADO,MOLINOS DEL CAMPO ,59,SAN MIGUEL CHAPULTEPEC I,19.41106572,-99.18907771,COLADO DE BANQUETA,NO APLICA,NO APLICA,INSTRUCCION SUPERIOR,NO APLICA,25/05/24,25/05/24,100%,SUBDIRECCION DE INFRAESTRUCTURA PUBLICA ,NO APLICA ,NO APLICA ,NO APLICA ,NO APLICA ,NO APLICA ,NO APLICA ,NO APLICA ,NO APLICA ,NO APLICA ,NO APLICA ,NO APLICA ,NO APLICA ,ANARANJADO
960,BANQUETA,COLADO,LAGUNA DEL CARMEN ,34,ANAHUAC I,19.44884848,-99.17744981,COLADO DE BANQUETA,NO APLICA,NO APLICA,INSTRUCCION SUPERIOR,NO APLICA,25/05/25,25/05/25,100%,SUBDIRECCION DE INFRAESTRUCTURA PUBLICA ,NO APLICA ,NO APLICA ,NO APLICA ,NO APLICA ,NO APLICA ,NO APLICA ,NO APLICA ,NO APLICA ,NO APLICA ,NO APLICA ,NO APLICA ,NO APLICA ,ANARANJADO
961,GUARNICION,COLADO,ALICA,SIN NUMERO ,MOLINO DEL REY,19.42352705,-99.20331965,DESCIMBRADO DE GUARNICION,NO APLICA,NO APLICA,INSTRUCCION SUPERIOR,NO APLICA,25/05/26,25/05/26,100%,SUBDIRECCION DE INFRAESTRUCTURA PUBLICA ,NO APLICA ,NO APLICA ,NO APLICA ,NO APLICA ,NO APLICA ,NO APLICA ,NO APLICA ,NO APLICA ,NO APLICA ,NO APLICA ,NO APLICA ,NO APLICA ,ANARANJADO
962,DEPORTIVO PLAN SEXENAL,MANTENIMIENTO GENERAL A EQUIPAMIENTO URBANO,PLAN DE GUADALUPE Y MAR MEDITERRANEO,SIN NUMERO ,NEXTITLA,19.45474177,-99.17346973,RETIRO DE ALFOMBRA DE CANCHA,NO APLICA,NO APLICA,INSTRUCCION SUPERIOR,NO APLICA,25/05/27,25/05/27,100%,SUBDIRECCION DE INFRAESTRUCTURA PUBLICA ,NO APLICA ,NO APLICA ,NO APLICA ,NO APLICA ,NO APLICA ,NO APLICA ,NO APLICA ,NO APLICA ,NO APLICA ,NO APLICA ,NO APLICA ,NO APLICA ,ANARANJADO
963,ESCOMBRO,RETIRO,SIERRA VENTANA Y MONTE ARARAT,SIN NUMERO ,LOMAS DE CHAPULTEPEC II,19.41636469,-99.22610017,RETIRO DE ESCOMBRO,NO APLICA,NO APLICA,INSTRUCCION SUPERIOR,NO APLICA,25/05/28,25/05/28,100%,SUBDIRECCION DE INFRAESTRUCTURA PUBLICA ,NO APLICA ,NO APLICA ,NO APLICA ,NO APLICA ,NO APLICA ,NO APLICA ,NO APLICA ,NO APLICA ,NO APLICA ,NO APLICA ,NO APLICA ,NO APLICA ,ANARANJADO
964,ESCOMBRO,RETIRO,PLAN DE GUADALUPE Y MAR MEDITERRANEO,SIN NUMERO ,NEXTITLA,19.45295167,-99.17426329,RETIRO DE ARENA DEL DEPORTIVO PLAN SEXENAL,NO APLICA,NO APLICA,INSTRUCCION SUPERIOR,NO APLICA,25/05/29,25/05/29,100%,SUBDIRECCION DE INFRAESTRUCTURA PUBLICA ,NO APLICA ,NO APLICA ,NO APLICA ,NO APLICA ,NO APLICA ,NO APLICA ,NO APLICA ,NO APLICA ,NO APLICA ,NO APLICA ,NO APLICA ,NO APLICA ,ANARANJADO
965,BANQUETA,COLADO,EDGAR ALLAN POE ,228,POLANCO III,19.43525368,-99.19983524,COLADO DE RAMPA VEHICULAR,NO APLICA,NO APLICA,INSTRUCCION SUPERIOR,NO APLICA,25/05/30,25/05/30,100%,SUBDIRECCION DE INFRAESTRUCTURA PUBLICA ,14,NO APLICA ,NO APLICA ,NO APLICA ,NO APLICA ,NO APLICA ,NO APLICA ,NO APLICA ,NO APLICA ,NO APLICA ,NO APLICA ,NO APLICA ,ANARANJADO
966,BANQUETA,COLADO,PRADO NORTE ,610,LOMAS DE CHAPULTEPEC,19.42677667,-99.21488071,COLADO DE RAMPA VEHICULAR,NO APLICA,NO APLICA,INSTRUCCION SUPERIOR,NO APLICA,25/05/31,25/05/31,100%,SUBDIRECCION DE INFRAESTRUCTURA PUBLICA ,24,NO APLICA ,NO APLICA ,NO APLICA ,NO APLICA ,NO APLICA ,NO APLICA ,NO APLICA ,NO APLICA ,NO APLICA ,NO APLICA ,NO APLICA ,ANARANJADO
967,BANQUETA,COLADO,PLAN DE AYALA ,6,SANTO TOMAS,19.45265604,-99.17221193,COLADO DE BANQUETA,NO APLICA,NO APLICA,INSTRUCCION SUPERIOR,NO APLICA,25/06/01,25/06/01,100%,SUBDIRECCION DE INFRAESTRUCTURA PUBLICA ,NO APLICA ,NO APLICA ,NO APLICA ,NO APLICA ,NO APLICA ,NO APLICA ,NO APLICA ,NO APLICA ,NO APLICA ,NO APLICA ,NO APLICA ,NO APLICA ,ANARANJADO
968,BANQUETA,COLADO,MIGUEL LANZ DURET ,24,PERIODISTA,19.44472901,-99.21791298,COLADO DE BANQUETA,NO APLICA,NO APLICA,INSTRUCCION SUPERIOR,NO APLICA,25/06/02,25/06/02,100%,SUBDIRECCION DE INFRAESTRUCTURA PUBLICA ,NO APLICA ,NO APLICA ,NO APLICA ,NO APLICA ,NO APLICA ,NO APLICA ,NO APLICA ,NO APLICA ,NO APLICA ,NO APLICA ,NO APLICA ,NO APLICA ,ANARANJADO
969,DEPORTIVO PLAN SEXENAL,MANTENIMIENTO GENERAL A EQUIPAMIENTO URBANO,PLAN DE GUADALUPE Y MAR MEDITERRANEO,SIN NUMERO ,NEXTITLA,19.45474177,-99.17346973,RETIRO DE PASTO SINTETICO,NO APLICA,NO APLICA,INSTRUCCION SUPERIOR,NO APLICA,25/06/03,25/06/03,100%,SUBDIRECCION DE INFRAESTRUCTURA PUBLICA ,NO APLICA ,NO APLICA ,NO APLICA ,NO APLICA ,NO APLICA ,NO APLICA ,NO APLICA ,NO APLICA ,NO APLICA ,NO APLICA ,NO APLICA ,NO APLICA ,ANARANJADO
970,BOLARDOS,REINSTALACION,MASARYK ,76,POLANCO V,19.43120005,-99.18435788,REINSTALACION DE BOLARDOS,NO APLICA,NO APLICA,INSTRUCCION SUPERIOR,NO APLICA,25/06/04,25/06/04,100%,SUBDIRECCION DE INFRAESTRUCTURA PUBLICA ,NO APLICA ,NO APLICA ,NO APLICA ,NO APLICA ,NO APLICA ,NO APLICA ,NO APLICA ,NO APLICA ,NO APLICA ,NO APLICA ,NO APLICA ,NO APLICA ,ANARANJADO
971,ESCOMBRO,RETIRO,PARQUE LIRA,SIN NUMERO ,SAN MIGUEL CHAPULTEPEC I,19.40600937,-99.18976489,RETIRO DE ESCOMBRO,NO APLICA,NO APLICA,INSTRUCCION SUPERIOR,NO APLICA,25/06/05,25/06/05,100%,SUBDIRECCION DE INFRAESTRUCTURA PUBLICA ,NO APLICA ,NO APLICA ,NO APLICA ,NO APLICA ,NO APLICA ,NO APLICA ,NO APLICA ,NO APLICA ,NO APLICA ,NO APLICA ,NO APLICA ,NO APLICA ,ANARANJADO
972,ESCOMBRO,RETIRO,AVENIDA  PEDRO ANTONIO DE LOS SANTOS ,58,SAN MIGUEL CHAPULTEPEC II,19.41351747,-99.182104,RETIRO DE ESCOMBRO,NO APLICA,NO APLICA,INSTRUCCION SUPERIOR,NO APLICA,25/06/06,25/06/06,100%,SUBDIRECCION DE INFRAESTRUCTURA PUBLICA ,NO APLICA ,NO APLICA ,NO APLICA ,NO APLICA ,NO APLICA ,NO APLICA ,NO APLICA ,NO APLICA ,NO APLICA ,NO APLICA ,NO APLICA ,NO APLICA ,ANARANJADO
973,BANQUETA,COLADO,GENERAL LUIS TOLA ,6,DANIEL GARZA,19.40456988,-99.19958029,COLADO DE BANQUETA,NO APLICA,NO APLICA,INSTRUCCION SUPERIOR,NO APLICA,25/06/07,25/06/07,100%,SUBDIRECCION DE INFRAESTRUCTURA PUBLICA ,7,NO APLICA ,NO APLICA ,NO APLICA ,NO APLICA ,NO APLICA ,NO APLICA ,NO APLICA ,NO APLICA ,NO APLICA ,NO APLICA ,NO APLICA ,ANARANJADO
974,BANQUETA,COLADO,PRADO NORTE ,610,LOMAS DE CHAPULTEPEC,19.42678838,-99.21487755,COLADO DE BANQUETA,NO APLICA,NO APLICA,INSTRUCCION SUPERIOR,NO APLICA,25/06/08,25/06/08,100%,SUBDIRECCION DE INFRAESTRUCTURA PUBLICA ,20.8,NO APLICA ,NO APLICA ,NO APLICA ,NO APLICA ,NO APLICA ,NO APLICA ,NO APLICA ,NO APLICA ,NO APLICA ,NO APLICA ,NO APLICA ,ANARANJADO
975,BANQUETA,COLADO,MAR NEGRO ,1,TACUBA,19.45661182,-99.18841844,COLADO DE BANQUETA,NO APLICA,NO APLICA,INSTRUCCION SUPERIOR,NO APLICA,25/06/09,25/06/09,100%,SUBDIRECCION DE INFRAESTRUCTURA PUBLICA ,NO APLICA ,NO APLICA ,NO APLICA ,NO APLICA ,NO APLICA ,NO APLICA ,NO APLICA ,NO APLICA ,NO APLICA ,NO APLICA ,NO APLICA ,NO APLICA ,ANARANJADO
976,DEPORTIVO PLAN SEXENAL,MANTENIMIENTO GENERAL A EQUIPAMIENTO URBANO,PLAN DE GUADALUPE Y MAR MEDITERRANEO,SIN NUMERO ,NEXTITLA,19.45474177,-99.17346973,RETIRO DE PASTO SINTETICO,NO APLICA,NO APLICA,INSTRUCCION SUPERIOR,NO APLICA,25/06/10,25/06/10,100%,SUBDIRECCION DE INFRAESTRUCTURA PUBLICA ,NO APLICA ,NO APLICA ,NO APLICA ,NO APLICA ,NO APLICA ,NO APLICA ,NO APLICA ,NO APLICA ,NO APLICA ,NO APLICA ,NO APLICA ,NO APLICA ,ANARANJADO
977,BANQUETA,COLADO,GENERAL LUIS TOLA ,6,DANIEL GARZA,19.40450085,-99.1995973,COLADO DE BANQUETA,NO APLICA,NO APLICA,INSTRUCCION SUPERIOR,NO APLICA,25/06/11,25/06/11,100%,SUBDIRECCION DE INFRAESTRUCTURA PUBLICA ,9.45,NO APLICA ,NO APLICA ,NO APLICA ,NO APLICA ,NO APLICA ,NO APLICA ,NO APLICA ,NO APLICA ,NO APLICA ,NO APLICA ,NO APLICA ,ANARANJADO
978,BANQUETA,COLADO,PRADO NORTE ,610,LOMAS DE CHAPULTEPEC,19.42678838,-99.21487755,COLADO DE RAMPA VEHICULAR,NO APLICA,NO APLICA,INSTRUCCION SUPERIOR,NO APLICA,25/06/12,25/06/12,100%,SUBDIRECCION DE INFRAESTRUCTURA PUBLICA ,23,NO APLICA ,NO APLICA ,NO APLICA ,NO APLICA ,NO APLICA ,NO APLICA ,NO APLICA ,NO APLICA ,NO APLICA ,NO APLICA ,NO APLICA ,ANARANJADO
979,JURIDICO,MANTENIMIENTO GENERAL A EQUIPAMIENTO URBANO,BOSQUES DE JACARANDAS ,696,BOSQUE DE LAS LOMAS,19.4108942,-99.24164898,INSTALACION DE TAPIAL,NO APLICA,NO APLICA,INSTRUCCION SUPERIOR,NO APLICA,25/06/13,25/06/13,100%,SUBDIRECCION DE INFRAESTRUCTURA PUBLICA ,NO APLICA ,NO APLICA ,NO APLICA ,NO APLICA ,NO APLICA ,NO APLICA ,NO APLICA ,NO APLICA ,NO APLICA ,NO APLICA ,NO APLICA ,NO APLICA ,ANARANJADO
980,VIA PUBLICA,MANTENIMIENTO GENERAL A EQUIPAMIENTO URBANO,LAGUNA DE MAYRAN Y AVENIDA  MARINA NACIONAL,SIN NUMERO ,ANAHUAC I,19.44062747,-99.17596437,INSTALACION DE BARANDAL,NO APLICA,NO APLICA,INSTRUCCION SUPERIOR,NO APLICA,25/06/14,25/06/14,100%,SUBDIRECCION DE INFRAESTRUCTURA PUBLICA ,NO APLICA ,NO APLICA ,NO APLICA ,NO APLICA ,NO APLICA ,NO APLICA ,NO APLICA ,NO APLICA ,NO APLICA ,NO APLICA ,NO APLICA ,NO APLICA ,ANARANJADO
981,BANQUETA,DEMOLICION,BENJAMIN FRANKLIN ,230,ESCANDON II,19.40385967,-99.17238194,DEMOLICION DE BANQUETA,NO APLICA,NO APLICA,INSTRUCCION SUPERIOR,NO APLICA,25/06/15,25/06/15,100%,SUBDIRECCION DE INFRAESTRUCTURA PUBLICA ,24,NO APLICA ,NO APLICA ,NO APLICA ,NO APLICA ,NO APLICA ,NO APLICA ,NO APLICA ,NO APLICA ,NO APLICA ,NO APLICA ,NO APLICA ,ANARANJADO
982,GUARNICION,DESCIMBRADO,HORACIO Y LAFONTAINE,SIN NUMERO ,POLANCO III,19.43394641,-99.1981662,DESCIMBRADO DE GUARNICIN,NO APLICA,NO APLICA,INSTRUCCION SUPERIOR,NO APLICA,25/06/16,25/06/16,100%,SUBDIRECCION DE INFRAESTRUCTURA PUBLICA ,NO APLICA ,NO APLICA ,NO APLICA ,NO APLICA ,NO APLICA ,NO APLICA ,NO APLICA ,NO APLICA ,NO APLICA ,NO APLICA ,NO APLICA ,NO APLICA ,ANARANJADO
983,BANQUETA,CORTE,AVENIDA BOSQUES,SIN NUMERO ,BOSQUE DE CHAPULTEPEC II,19.41164032,-99.20306036,CORTE DE FIRME DE CONCRETO,NO APLICA,NO APLICA,INSTRUCCION SUPERIOR,NO APLICA,25/06/17,25/06/17,100%,SUBDIRECCION DE INFRAESTRUCTURA PUBLICA ,NO APLICA ,NO APLICA ,NO APLICA ,NO APLICA ,NO APLICA ,NO APLICA ,NO APLICA ,NO APLICA ,NO APLICA ,NO APLICA ,NO APLICA ,NO APLICA ,ANARANJADO
984,GUARNICION,DEMOLICION,CAMPOS ELISEOS ,363,POLANCO I,19.42920558,-99.20132614,DEMOLICION DE GUARNICI‡N,NO APLICA,NO APLICA,INSTRUCCION SUPERIOR,NO APLICA,25/06/18,25/06/18,100%,SUBDIRECCION DE INFRAESTRUCTURA PUBLICA ,NO APLICA ,NO APLICA ,NO APLICA ,NO APLICA ,NO APLICA ,NO APLICA ,NO APLICA ,NO APLICA ,NO APLICA ,NO APLICA ,NO APLICA ,NO APLICA ,ANARANJADO
985,PARQUE LINCOLN,MANTENIMIENTO GENERAL A EQUIPAMIENTO URBANO,JULIO VERNE ENTRE LUIS G URBINA Y EMILIO CASTELAR,SIN NUMERO ,POLANCO,19.42951464,-99.19732703,REPARACION DE JUEGO INFANTIL COLUMPIOS,NO APLICA,NO APLICA,INSTRUCCION SUPERIOR,NO APLICA,25/06/19,25/06/19,100%,SUBDIRECCION DE INFRAESTRUCTURA PUBLICA ,NO APLICA ,NO APLICA ,NO APLICA ,NO APLICA ,NO APLICA ,NO APLICA ,NO APLICA ,NO APLICA ,NO APLICA ,NO APLICA ,NO APLICA ,NO APLICA ,ANARANJADO
986,EXPLANADA DEL METRO CONSTITUYENTES,MANTENIMIENTO GENERAL A EQUIPAMIENTO URBANO,AVENIDA  CONSTITUYENTES ,91,AMPLIACION DANIEL GARZA,19.41552694,-99.18437783,RETIRO DE APARATOS DE GIMNASIO AL AIRE LIBRE,NO APLICA,NO APLICA,INSTRUCCION SUPERIOR,NO APLICA,25/06/20,25/06/20,100%,SUBDIRECCION DE INFRAESTRUCTURA PUBLICA ,NO APLICA ,NO APLICA ,NO APLICA ,NO APLICA ,NO APLICA ,NO APLICA ,NO APLICA ,NO APLICA ,NO APLICA ,NO APLICA ,NO APLICA ,NO APLICA ,ANARANJADO
987,ESCOMBRO,RETIRO,INGENIEROS MILITARES,SIN NUMERO ,LOMAS DE SOTELO,19.44686284,-99.21728656,RETIRO DE ESCOMBRO,NO APLICA,NO APLICA,INSTRUCCION SUPERIOR,NO APLICA,25/06/21,25/06/21,100%,SUBDIRECCION DE INFRAESTRUCTURA PUBLICA ,NO APLICA ,NO APLICA ,NO APLICA ,NO APLICA ,NO APLICA ,NO APLICA ,NO APLICA ,NO APLICA ,NO APLICA ,NO APLICA ,NO APLICA ,NO APLICA ,ANARANJADO
988,ESCOMBRO,RETIRO,GENERAL LUIS TOLA ,6,DANIEL GARZA,19.40450977,-99.19959037,RETIRO DE ESCOMBRO,NO APLICA,NO APLICA,INSTRUCCION SUPERIOR,NO APLICA,25/06/22,25/06/22,100%,SUBDIRECCION DE INFRAESTRUCTURA PUBLICA ,NO APLICA ,NO APLICA ,NO APLICA ,NO APLICA ,NO APLICA ,NO APLICA ,NO APLICA ,NO APLICA ,NO APLICA ,NO APLICA ,NO APLICA ,NO APLICA ,ANARANJADO
989,ESCOMBRO,RETIRO,PRADO NORTE ,610,LOMAS DE CHAPULTEPEC,19.42676588,-99.21489336,RETIRO DE ESCOMBRO,NO APLICA,NO APLICA,INSTRUCCION SUPERIOR,NO APLICA,25/06/23,25/06/23,100%,SUBDIRECCION DE INFRAESTRUCTURA PUBLICA ,NO APLICA ,NO APLICA ,NO APLICA ,NO APLICA ,NO APLICA ,NO APLICA ,NO APLICA ,NO APLICA ,NO APLICA ,NO APLICA ,NO APLICA ,NO APLICA ,ANARANJADO
990,ESCOMBRO,RETIRO,MANUEL DUBLAN ,53,TACUBAYA,19.401146,-99.19178599,RETIRO DE ESCOMBRO,NO APLICA,NO APLICA,INSTRUCCION SUPERIOR,NO APLICA,25/06/24,25/06/24,100%,SUBDIRECCION DE INFRAESTRUCTURA PUBLICA ,NO APLICA ,NO APLICA ,NO APLICA ,NO APLICA ,NO APLICA ,NO APLICA ,NO APLICA ,NO APLICA ,NO APLICA ,NO APLICA ,NO APLICA ,NO APLICA ,ANARANJADO
991,ESCOMBRO,RETIRO,LAGO GUANACACHA Y LAGO TRASIMENO,SIN NUMERO ,PERALITOS,19.44796423,-99.18631627,RETIRO DE ESCOMBRO,NO APLICA,NO APLICA,INSTRUCCION SUPERIOR,NO APLICA,25/06/25,25/06/25,100%,SUBDIRECCION DE INFRAESTRUCTURA PUBLICA ,NO APLICA ,NO APLICA ,NO APLICA ,NO APLICA ,NO APLICA ,NO APLICA ,NO APLICA ,NO APLICA ,NO APLICA ,NO APLICA ,NO APLICA ,NO APLICA ,ANARANJADO
992,BANQUETA,COLADO,PRADO NORTE ,610,LOMAS DE CHAPULTEPEC,19.42676588,-99.21489336,COLADO DE BANQUETA,NO APLICA,NO APLICA,INSTRUCCION SUPERIOR,NO APLICA,25/06/26,25/06/26,100%,SUBDIRECCION DE INFRAESTRUCTURA PUBLICA ,13,NO APLICA ,NO APLICA ,NO APLICA ,NO APLICA ,NO APLICA ,NO APLICA ,NO APLICA ,NO APLICA ,NO APLICA ,NO APLICA ,NO APLICA ,ANARANJADO
993,BANQUETA,COLADO,CAMPOS ELISEOS ,363,POLANCO I,19.42920288,-99.20132436,COLADO DE BANQUETA,NO APLICA,NO APLICA,INSTRUCCION SUPERIOR,NO APLICA,25/06/27,25/06/27,100%,SUBDIRECCION DE INFRAESTRUCTURA PUBLICA ,NO APLICA ,NO APLICA ,NO APLICA ,NO APLICA ,NO APLICA ,NO APLICA ,NO APLICA ,NO APLICA ,NO APLICA ,NO APLICA ,NO APLICA ,NO APLICA ,ANARANJADO
994,ESCUELA PRIMARIA AQUILES SERDAN,MANTENIMIENTO GENERAL A EQUIPAMIENTO URBANO,AVENIDA  BOSQUES,SIN NUMERO ,BOSQUE DE CHAPULTEPEC II,19.40760262,-99.20280373,COLADO DE RAMPA DE DISCAPACIDAD,NO APLICA,NO APLICA,INSTRUCCION SUPERIOR,NO APLICA,25/06/28,25/06/28,100%,SUBDIRECCION DE INFRAESTRUCTURA PUBLICA ,NO APLICA ,NO APLICA ,NO APLICA ,NO APLICA ,NO APLICA ,NO APLICA ,NO APLICA ,NO APLICA ,NO APLICA ,NO APLICA ,NO APLICA ,NO APLICA ,ANARANJADO
995,VIA PUBLICA,MANTENIMIENTO GENERAL A EQUIPAMIENTO URBANO,EMILIO CASTELAR ,111,POLANCO III,19.43016146,-99.19722567,REPELLADO DE JARDINERA,NO APLICA,NO APLICA,INSTRUCCION SUPERIOR,NO APLICA,25/06/29,25/06/29,100%,SUBDIRECCION DE INFRAESTRUCTURA PUBLICA ,NO APLICA ,NO APLICA ,NO APLICA ,NO APLICA ,NO APLICA ,NO APLICA ,NO APLICA ,NO APLICA ,NO APLICA ,NO APLICA ,NO APLICA ,NO APLICA ,ANARANJADO
996,BANQUETA,DEMOLICION,BENJAMIN FRANKLIN ,230,ESCANDON II,19.40389941,-99.17238535,DEMOLICION DE BANQUETA,NO APLICA,NO APLICA,INSTRUCCION SUPERIOR,NO APLICA,25/06/30,25/06/30,100%,SUBDIRECCION DE INFRAESTRUCTURA PUBLICA ,9,NO APLICA ,NO APLICA ,NO APLICA ,NO APLICA ,NO APLICA ,NO APLICA ,NO APLICA ,NO APLICA ,NO APLICA ,NO APLICA ,NO APLICA ,ANARANJADO
997,BANQUETA,COLADO,PONIENTE 151 ,710,MEXICO NUEVO,19.45243589,-99.20677407,COLADO DE BANQUETA,NO APLICA,NO APLICA,INSTRUCCION SUPERIOR,NO APLICA,25/07/01,25/07/01,100%,SUBDIRECCION DE INFRAESTRUCTURA PUBLICA ,NO APLICA ,NO APLICA ,NO APLICA ,NO APLICA ,NO APLICA ,NO APLICA ,NO APLICA ,NO APLICA ,NO APLICA ,NO APLICA ,NO APLICA ,NO APLICA ,ANARANJADO
998,REGISTRO,COLOCACION,JOSE MARIA VIGIL ,102,ESCANDON I,19.40161541,-99.18162366,COLOCACION DE MARCO Y EMBOQUILLADO DE TAPA DE REGISTRO,NO APLICA,NO APLICA,INSTRUCCION SUPERIOR,NO APLICA,25/07/02,25/07/02,100%,SUBDIRECCION DE INFRAESTRUCTURA PUBLICA ,NO APLICA ,NO APLICA ,NO APLICA ,NO APLICA ,NO APLICA ,NO APLICA ,NO APLICA ,1,NO APLICA ,NO APLICA ,NO APLICA ,NO APLICA ,ANARANJADO
999,REGISTRO,REPARACION,LAMARTINE ,238,POLANCO V,19.43438965,-99.18949882,REPARACION DE TAPA DE REGISTRO,NO APLICA,NO APLICA,INSTRUCCION SUPERIOR,NO APLICA,25/07/03,25/07/03,100%,SUBDIRECCION DE INFRAESTRUCTURA PUBLICA ,NO APLICA ,NO APLICA ,NO APLICA ,NO APLICA ,NO APLICA ,NO APLICA ,NO APLICA ,NO APLICA ,NO APLICA ,NO APLICA ,NO APLICA ,NO APLICA ,ANARANJADO
1000,ESCUELA PRIMARIA AQUILES SERDAN,MANTENIMIENTO GENERAL A EQUIPAMIENTO URBANO,AVENIDA BOSQUES,SIN NUMERO ,BOSQUE DE CHAPULTEPEC II,19.40760262,-99.20280373,COLADO DE RAMPA DE DISCAPACIDAD,NO APLICA,NO APLICA,INSTRUCCION SUPERIOR,NO APLICA,25/07/04,25/07/04,100%,SUBDIRECCION DE INFRAESTRUCTURA PUBLICA ,NO APLICA ,NO APLICA ,NO APLICA ,NO APLICA ,NO APLICA ,NO APLICA ,NO APLICA ,NO APLICA ,NO APLICA ,NO APLICA ,NO APLICA ,NO APLICA ,ANARANJADO
1001,PARQUE SALESIANO,MANTENIMIENTO GENERAL A EQUIPAMIENTO URBANO,LAGO XOCHIMILCO Y LAGUNA DEL CARMEN,SIN NUMERO ,ANAHUAC I,19.44796296,-99.17763549,REPARACION DE JUEGO INFANTIL,NO APLICA,NO APLICA,INSTRUCCION SUPERIOR,NO APLICA,25/07/05,25/07/05,100%,SUBDIRECCION DE INFRAESTRUCTURA PUBLICA ,NO APLICA ,NO APLICA ,NO APLICA ,NO APLICA ,NO APLICA ,NO APLICA ,NO APLICA ,NO APLICA ,NO APLICA ,NO APLICA ,NO APLICA ,NO APLICA ,ANARANJADO
1002,VIA PUBLICA,MANTENIMIENTO GENERAL A EQUIPAMIENTO URBANO,LUIS G VIEYRA ,51,SAN MIGUEL CHAPULTEPEC I,19.40729622,-99.18790016,RETIRO DE TUBO,NO APLICA,NO APLICA,INSTRUCCION SUPERIOR,NO APLICA,25/07/06,25/07/06,100%,SUBDIRECCION DE INFRAESTRUCTURA PUBLICA ,NO APLICA ,NO APLICA ,NO APLICA ,NO APLICA ,NO APLICA ,NO APLICA ,NO APLICA ,NO APLICA ,NO APLICA ,NO APLICA ,NO APLICA ,NO APLICA ,ANARANJADO
1003,ESCOMBRO,RETIRO,MANUEL M PLATA ,16,OBSERVATORIO,19.40679084,-99.19485326,RETIRO DE ESCOMBRO,NO APLICA,NO APLICA,INSTRUCCION SUPERIOR,NO APLICA,25/07/07,25/07/07,100%,SUBDIRECCION DE INFRAESTRUCTURA PUBLICA ,NO APLICA ,NO APLICA ,NO APLICA ,NO APLICA ,NO APLICA ,NO APLICA ,NO APLICA ,NO APLICA ,NO APLICA ,NO APLICA ,NO APLICA ,NO APLICA ,ANARANJADO
1004,ESCOMBRO,RETIRO,EULER ,128,POLANCO V,19.4321834,-99.18254977,RETIRO DE ESCOMBRO,NO APLICA,NO APLICA,INSTRUCCION SUPERIOR,NO APLICA,25/07/08,25/07/08,100%,SUBDIRECCION DE INFRAESTRUCTURA PUBLICA ,NO APLICA ,NO APLICA ,NO APLICA ,NO APLICA ,NO APLICA ,NO APLICA ,NO APLICA ,NO APLICA ,NO APLICA ,NO APLICA ,NO APLICA ,NO APLICA ,ANARANJADO
1005,ESCOMBRO,RETIRO,MIGUEL DE CERVANTES SAAVEDRA Y LAGO VICTORIA,SIN NUMERO ,GRANADA,19.44093588,-99.19359411,RETIRO DE ESCOMBRO,NO APLICA,NO APLICA,INSTRUCCION SUPERIOR,NO APLICA,25/07/09,25/07/09,100%,SUBDIRECCION DE INFRAESTRUCTURA PUBLICA ,NO APLICA ,NO APLICA ,NO APLICA ,NO APLICA ,NO APLICA ,NO APLICA ,NO APLICA ,NO APLICA ,NO APLICA ,NO APLICA ,NO APLICA ,NO APLICA ,ANARANJADO
1006,ESCOMBRO,RETIRO,AVENIDA BOSQUES,SIN NUMERO ,BOSQUE DE CHAPULTEPEC II,19.40795386,-99.20273083,RETIRO DE ESCOMBRO DE LA ESCUELA PRIMARIA AQUILES SERDAN,NO APLICA,NO APLICA,INSTRUCCION SUPERIOR,NO APLICA,25/07/10,25/07/10,100%,SUBDIRECCION DE INFRAESTRUCTURA PUBLICA ,NO APLICA ,NO APLICA ,NO APLICA ,NO APLICA ,NO APLICA ,NO APLICA ,NO APLICA ,NO APLICA ,NO APLICA ,NO APLICA ,NO APLICA ,NO APLICA ,ANARANJADO
1007,ESCOMBRO,RETIRO,BENJAMIN FRANKLIN ,230,ESCANDON II,19.40392236,-99.17237518,RETIRO DE ESCOMBRO,NO APLICA,NO APLICA,INSTRUCCION SUPERIOR,NO APLICA,25/07/11,25/07/11,100%,SUBDIRECCION DE INFRAESTRUCTURA PUBLICA ,NO APLICA ,NO APLICA ,NO APLICA ,NO APLICA ,NO APLICA ,NO APLICA ,NO APLICA ,NO APLICA ,NO APLICA ,NO APLICA ,NO APLICA ,NO APLICA ,ANARANJADO
1008,ESCOMBRO,RETIRO,LAGO CANEGUIN ,19,SAN JUANICO,19.45598958,-99.20742988,RETIRO DE ESCOMBRO,NO APLICA,NO APLICA,INSTRUCCION SUPERIOR,NO APLICA,25/07/12,25/07/12,100%,SUBDIRECCION DE INFRAESTRUCTURA PUBLICA ,NO APLICA ,NO APLICA ,NO APLICA ,NO APLICA ,NO APLICA ,NO APLICA ,NO APLICA ,NO APLICA ,NO APLICA ,NO APLICA ,NO APLICA ,NO APLICA ,ANARANJADO
1009,BANQUETA,COLADO,BENJAMIN FRANKLIN ,230,ESCANDON II,19.40392674,-99.17241129,COLADO DE RAMPA VEHICULAR,NO APLICA,NO APLICA,INSTRUCCION SUPERIOR,NO APLICA,25/07/13,25/07/13,100%,SUBDIRECCION DE INFRAESTRUCTURA PUBLICA ,NO APLICA ,NO APLICA ,NO APLICA ,NO APLICA ,NO APLICA ,NO APLICA ,NO APLICA ,NO APLICA ,NO APLICA ,NO APLICA ,NO APLICA ,NO APLICA ,ANARANJADO
1010,PROPIEDAD PRIVADA,MANTENIMIENTO GENERAL A EQUIPAMIENTO URBANO,VICENTE EGUIA Y SOSTENES ROCHA,SIN NUMERO ,AMPLIACION DANIEL GARZA,19.40813005,-99.19138238,COLADO DE FIRME DE CONCRETO,NO APLICA,NO APLICA,INSTRUCCION SUPERIOR,NO APLICA,25/07/14,25/07/14,100%,SUBDIRECCION DE INFRAESTRUCTURA PUBLICA ,NO APLICA ,NO APLICA ,NO APLICA ,NO APLICA ,NO APLICA ,NO APLICA ,NO APLICA ,NO APLICA ,NO APLICA ,NO APLICA ,NO APLICA ,NO APLICA ,ANARANJADO
1011,BANQUETA,COLADO,AVENIDA BOSQUE Y AVENIDA CONSTITUYENTES,SIN NUMERO ,AMERICA,19.40602261,-99.20286556,COLADO DE BANQUETA,NO APLICA,NO APLICA,INSTRUCCION SUPERIOR,NO APLICA,25/07/15,25/07/15,100%,SUBDIRECCION DE INFRAESTRUCTURA PUBLICA ,NO APLICA ,NO APLICA ,NO APLICA ,NO APLICA ,NO APLICA ,NO APLICA ,NO APLICA ,NO APLICA ,NO APLICA ,NO APLICA ,NO APLICA ,NO APLICA ,ANARANJADO
1012,BANQUETA,COLADO,MELCHOR MUZQUIZ ,38,SAN MIGUEL CHAPULTEPEC I,19.41115536,-99.19053118,COLADO DE BANQUETA,NO APLICA,NO APLICA,INSTRUCCION SUPERIOR,NO APLICA,25/07/16,25/07/16,100%,SUBDIRECCION DE INFRAESTRUCTURA PUBLICA ,NO APLICA ,NO APLICA ,NO APLICA ,NO APLICA ,NO APLICA ,NO APLICA ,NO APLICA ,NO APLICA ,NO APLICA ,NO APLICA ,NO APLICA ,NO APLICA ,ANARANJADO
1013,BANQUETA,COLADO,BENJAMIN FRANKLIN ,230,ESCANDON II,19.40386644,-99.17237387,COLADO DE RAMPA VEHICULAR,NO APLICA,NO APLICA,INSTRUCCION SUPERIOR,NO APLICA,25/07/17,25/07/17,100%,SUBDIRECCION DE INFRAESTRUCTURA PUBLICA ,NO APLICA ,NO APLICA ,NO APLICA ,NO APLICA ,NO APLICA ,NO APLICA ,NO APLICA ,NO APLICA ,NO APLICA ,NO APLICA ,NO APLICA ,NO APLICA ,ANARANJADO
1014,REGISTRO,COLADO,BERNARD SHAW,SIN NUMERO ,POLANCO II,19.43168362,-99.20459081,REPARACION DE TAPA DE REGISTRO,NO APLICA,NO APLICA,INSTRUCCION SUPERIOR,NO APLICA,25/07/18,25/07/18,100%,SUBDIRECCION DE INFRAESTRUCTURA PUBLICA ,NO APLICA ,NO APLICA ,NO APLICA ,NO APLICA ,NO APLICA ,NO APLICA ,NO APLICA ,NO APLICA ,NO APLICA ,NO APLICA ,NO APLICA ,NO APLICA ,ANARANJADO
1015,BOLARDOS,REINSTALACION,ALLAN POE Y HORACIO,SIN NUMERO ,POLANCO,19.43361692,-99.19979248,REINSTALACION DE BOLARDOS,NO APLICA,NO APLICA,INSTRUCCION SUPERIOR,NO APLICA,25/07/19,25/07/19,100%,SUBDIRECCION DE INFRAESTRUCTURA PUBLICA ,NO APLICA ,NO APLICA ,NO APLICA ,NO APLICA ,NO APLICA ,NO APLICA ,NO APLICA ,NO APLICA ,NO APLICA ,NO APLICA ,NO APLICA ,NO APLICA ,ANARANJADO
1016,BANQUETA,DEMOLICION,MONTE CHIMBORAZO,SIN NUMERO ,LOMAS DE CHAPULTEPEC,19.42458167,-99.22264783,COLADO DE RAMPA VEHICULAR,NO APLICA,NO APLICA,INSTRUCCION SUPERIOR,NO APLICA,25/07/20,25/07/20,100%,SUBDIRECCION DE INFRAESTRUCTURA PUBLICA ,NO APLICA ,NO APLICA ,NO APLICA ,NO APLICA ,NO APLICA ,NO APLICA ,NO APLICA ,NO APLICA ,NO APLICA ,NO APLICA ,NO APLICA ,NO APLICA ,ANARANJADO
1017,BANQUETA,COLADO,AVENIDA BOSQUE Y AVENIDA CONSTITUYENTES,SIN NUMERO ,AMERICA,19.40602261,-99.20286556,COLADO DE BANQUETA,NO APLICA,NO APLICA,INSTRUCCION SUPERIOR,NO APLICA,25/07/21,25/07/21,100%,SUBDIRECCION DE INFRAESTRUCTURA PUBLICA ,NO APLICA ,NO APLICA ,NO APLICA ,NO APLICA ,NO APLICA ,NO APLICA ,NO APLICA ,NO APLICA ,NO APLICA ,NO APLICA ,NO APLICA ,NO APLICA ,ANARANJADO
1018,BANQUETA,COLADO,BENJAMIN FRANKLIN ,230,ESCANDON II,19.40392674,-99.17241129,COLADO DE RAMPA VEHICULAR,NO APLICA,NO APLICA,INSTRUCCION SUPERIOR,NO APLICA,25/07/22,25/07/22,100%,SUBDIRECCION DE INFRAESTRUCTURA PUBLICA ,NO APLICA ,NO APLICA ,NO APLICA ,NO APLICA ,NO APLICA ,NO APLICA ,NO APLICA ,NO APLICA ,NO APLICA ,NO APLICA ,NO APLICA ,NO APLICA ,ANARANJADO
1019,VIA PUBLICA,MANTENIMIENTO GENERAL A EQUIPAMIENTO URBANO,AVENIDA  PRESIDENTE MASARYK,SIN NUMERO ,POLANCO,19.43169438,-99.19677077,REPARACION DE BANCAS,NO APLICA,NO APLICA,INSTRUCCION SUPERIOR,NO APLICA,25/07/23,25/07/23,100%,SUBDIRECCION DE INFRAESTRUCTURA PUBLICA ,NO APLICA ,NO APLICA ,NO APLICA ,NO APLICA ,NO APLICA ,NO APLICA ,NO APLICA ,NO APLICA ,NO APLICA ,NO APLICA ,NO APLICA ,NO APLICA ,ANARANJADO
1020,ESCOMBRO,RETIRO,CALLE 10 Y AVENIDA TECAMACHALCO,SIN NUMERO ,LOMAS DE CHAPULTEPEC III,19.42931591,-99.21986064,RETRO DE ESCOMBRO,NO APLICA,NO APLICA,INSTRUCCION SUPERIOR,NO APLICA,25/07/24,25/07/24,100%,SUBDIRECCION DE INFRAESTRUCTURA PUBLICA ,NO APLICA ,NO APLICA ,NO APLICA ,NO APLICA ,NO APLICA ,NO APLICA ,NO APLICA ,NO APLICA ,NO APLICA ,NO APLICA ,NO APLICA ,NO APLICA ,ANARANJADO
1021,ESCOMBRO,RETIRO,JOSE MARIA CUETO ,24,OBSERVATORIO,19.40472988,-99.19348612,RETRO DE ESCOMBRO,NO APLICA,NO APLICA,INSTRUCCION SUPERIOR,NO APLICA,25/07/25,25/07/25,100%,SUBDIRECCION DE INFRAESTRUCTURA PUBLICA ,NO APLICA ,NO APLICA ,NO APLICA ,NO APLICA ,NO APLICA ,NO APLICA ,NO APLICA ,NO APLICA ,NO APLICA ,NO APLICA ,NO APLICA ,NO APLICA ,ANARANJADO
1022,ESCOMBRO,RETIRO,SUR 138 Y AVENIDA OBSERVATORIO,SIN NUMERO ,AMERICA,19.40133428,-99.20458317,RETRO DE ESCOMBRO,NO APLICA,NO APLICA,INSTRUCCION SUPERIOR,NO APLICA,25/07/26,25/07/26,100%,SUBDIRECCION DE INFRAESTRUCTURA PUBLICA ,NO APLICA ,NO APLICA ,NO APLICA ,NO APLICA ,NO APLICA ,NO APLICA ,NO APLICA ,NO APLICA ,NO APLICA ,NO APLICA ,NO APLICA ,NO APLICA ,ANARANJADO
1023,ESCOMBRO,RETIRO,CALLEJON DE LA LUZ ,79,AHUEHUETES ANAHUAC,19.44890549,-99.19032984,RETRO DE ESCOMBRO,NO APLICA,NO APLICA,INSTRUCCION SUPERIOR,NO APLICA,25/07/27,25/07/27,100%,SUBDIRECCION DE INFRAESTRUCTURA PUBLICA ,NO APLICA ,NO APLICA ,NO APLICA ,NO APLICA ,NO APLICA ,NO APLICA ,NO APLICA ,NO APLICA ,NO APLICA ,NO APLICA ,NO APLICA ,NO APLICA ,ANARANJADO
1024,ESCOMBRO,RETIRO,MANUEL LOERA ,33,DANIEL GARZA,19.40692576,-99.19766926,RETRO DE ESCOMBRO,NO APLICA,NO APLICA,INSTRUCCION SUPERIOR,NO APLICA,25/07/28,25/07/28,100%,SUBDIRECCION DE INFRAESTRUCTURA PUBLICA ,NO APLICA ,NO APLICA ,NO APLICA ,NO APLICA ,NO APLICA ,NO APLICA ,NO APLICA ,NO APLICA ,NO APLICA ,NO APLICA ,NO APLICA ,NO APLICA ,ANARANJADO
1025,ESCOMBRO,RETIRO,8 DE SEPTIEMBRE ,88,DANIEL GARZA,19.40451381,-99.19912901,RETRO DE ESCOMBRO,NO APLICA,NO APLICA,INSTRUCCION SUPERIOR,NO APLICA,25/07/29,25/07/29,100%,SUBDIRECCION DE INFRAESTRUCTURA PUBLICA ,NO APLICA ,NO APLICA ,NO APLICA ,NO APLICA ,NO APLICA ,NO APLICA ,NO APLICA ,NO APLICA ,NO APLICA ,NO APLICA ,NO APLICA ,NO APLICA ,ANARANJADO
1026,BANQUETA,DEMOLICION,ALPES ,545,LOMAS DE CHAPULTEPEC,19.42574189,-99.21510764,DEMOLICION DE BANQUETA,NO APLICA,NO APLICA,INSTRUCCION SUPERIOR,NO APLICA,25/07/30,25/07/30,100%,SUBDIRECCION DE INFRAESTRUCTURA PUBLICA ,NO APLICA ,NO APLICA ,8,NO APLICA ,NO APLICA ,NO APLICA ,NO APLICA ,NO APLICA ,NO APLICA ,NO APLICA ,NO APLICA ,NO APLICA ,ANARANJADO
1027,BANQUETA,COLADO,AVENIDA BOSQUE Y AVENIDA CONSTITUYENTES,SIN NUMERO ,AMERICA,19.40602261,-99.20286556,COLADO DE BANQUETA,NO APLICA,NO APLICA,INSTRUCCION SUPERIOR,NO APLICA,25/07/31,25/07/31,100%,SUBDIRECCION DE INFRAESTRUCTURA PUBLICA ,4.1,NO APLICA ,NO APLICA ,NO APLICA ,NO APLICA ,NO APLICA ,NO APLICA ,NO APLICA ,NO APLICA ,NO APLICA ,NO APLICA ,NO APLICA ,ANARANJADO
1028,BANQUETA,COLADO,BENJAMIN FRANKLIN ,230,ESCANDON II,19.40392674,-99.17241129,COLADO DE RAMPA VEHICULAR,NO APLICA,NO APLICA,INSTRUCCION SUPERIOR,NO APLICA,25/08/01,25/08/01,100%,SUBDIRECCION DE INFRAESTRUCTURA PUBLICA ,NO APLICA ,NO APLICA ,NO APLICA ,NO APLICA ,NO APLICA ,NO APLICA ,NO APLICA ,NO APLICA ,NO APLICA ,NO APLICA ,NO APLICA ,NO APLICA ,ANARANJADO
1029,BANQUETA,COLADO,CERRADA LAGO GASCASONICA,SIN NUMERO ,HUICHAPAN,19.46089711,-99.19569938,COLADO DE BANQUETA,NO APLICA,NO APLICA,INSTRUCCION SUPERIOR,NO APLICA,25/08/02,25/08/02,100%,SUBDIRECCION DE INFRAESTRUCTURA PUBLICA ,NO APLICA ,NO APLICA ,NO APLICA ,NO APLICA ,NO APLICA ,NO APLICA ,NO APLICA ,NO APLICA ,NO APLICA ,NO APLICA ,NO APLICA ,NO APLICA ,ANARANJADO
1030,ESCUELA PRIMARIA AQUILES SERDAN,MANTENIMIENTO GENERAL A EQUIPAMIENTO URBANO,AVENIDA BOSQUES,SIN NUMERO ,BOSQUE DE CHAPULTEPEC II,19.40760262,-99.20280373,COLADO DE RAMPA DE DISCAPACIDAD,NO APLICA,NO APLICA,INSTRUCCION SUPERIOR,NO APLICA,25/08/03,25/08/03,100%,SUBDIRECCION DE INFRAESTRUCTURA PUBLICA ,NO APLICA ,NO APLICA ,NO APLICA ,NO APLICA ,NO APLICA ,NO APLICA ,NO APLICA ,NO APLICA ,NO APLICA ,NO APLICA ,NO APLICA ,NO APLICA ,ANARANJADO
1031,ESCOMBRO,RETIRO,JOSE MORAN,SIN NUMERO ,SAN MIGUEL CHAPULTEPEC I,19.40922218,-99.19023156,RETIRO DE ESCOMBRO,NO APLICA,NO APLICA,INSTRUCCION SUPERIOR,NO APLICA,25/08/04,25/08/04,100%,SUBDIRECCION DE INFRAESTRUCTURA PUBLICA ,NO APLICA ,NO APLICA ,NO APLICA ,NO APLICA ,NO APLICA ,NO APLICA ,NO APLICA ,NO APLICA ,NO APLICA ,NO APLICA ,NO APLICA ,NO APLICA ,ANARANJADO
1032,ESCOMBRO,RETIRO,RUFINA,SIN NUMERO ,TACUBAYA,19.40134529,-99.1894155,RETIRO DE ESCOMBRO,NO APLICA,NO APLICA,INSTRUCCION SUPERIOR,NO APLICA,25/08/05,25/08/05,100%,SUBDIRECCION DE INFRAESTRUCTURA PUBLICA ,NO APLICA ,NO APLICA ,NO APLICA ,NO APLICA ,NO APLICA ,NO APLICA ,NO APLICA ,NO APLICA ,NO APLICA ,NO APLICA ,NO APLICA ,NO APLICA ,ANARANJADO
1033,BANQUETA,COLADO,AVENIDA DE LOS ALPES,545,LOMAS DE CHAPULTEPEC,19.42574189,-99.21510764,COLADO DE BANQUETA,NO APLICA,NO APLICA,INSTRUCCION SUPERIOR,NO APLICA,25/08/06,25/08/06,100%,SUBDIRECCION DE INFRAESTRUCTURA PUBLICA ,10.8,NO APLICA ,NO APLICA ,NO APLICA ,NO APLICA ,NO APLICA ,NO APLICA ,NO APLICA ,NO APLICA ,NO APLICA ,NO APLICA ,NO APLICA ,ANARANJADO
1034,BANQUETA,COLADO,BENJAMIN FRANKLIN ,230,ESCANDON II,19.40392674,-99.17241129,COLADO DE RAMPA VEHICULAR,NO APLICA,NO APLICA,INSTRUCCION SUPERIOR,NO APLICA,25/08/07,25/08/07,100%,SUBDIRECCION DE INFRAESTRUCTURA PUBLICA ,13,NO APLICA ,NO APLICA ,NO APLICA ,NO APLICA ,NO APLICA ,NO APLICA ,NO APLICA ,NO APLICA ,NO APLICA ,NO APLICA ,NO APLICA ,ANARANJADO
1035,BANQUETA,COLADO,LAGO KOLIND ,79A,PENSIL NORTE,19.45028929,-99.19749466,COLADO DE BANQUETA,NO APLICA,NO APLICA,INSTRUCCION SUPERIOR,NO APLICA,25/08/08,25/08/08,100%,SUBDIRECCION DE INFRAESTRUCTURA PUBLICA ,NO APLICA ,NO APLICA ,NO APLICA ,NO APLICA ,NO APLICA ,NO APLICA ,NO APLICA ,NO APLICA ,NO APLICA ,NO APLICA ,NO APLICA ,NO APLICA ,ANARANJADO
1036,ESCUELA PRIMARIA AQUILES SERDAN,MANTENIMIENTO GENERAL A EQUIPAMIENTO URBANO,AVENIDA BOSQUES,SIN NUMERO ,BOSQUE DE CHAPULTEPEC II,19.40760262,-99.20280373,COLADO DE RAMPA DE DISCAPACIDAD,NO APLICA,NO APLICA,INSTRUCCION SUPERIOR,NO APLICA,25/08/09,25/08/09,100%,SUBDIRECCION DE INFRAESTRUCTURA PUBLICA ,NO APLICA ,NO APLICA ,NO APLICA ,NO APLICA ,NO APLICA ,NO APLICA ,NO APLICA ,NO APLICA ,NO APLICA ,NO APLICA ,NO APLICA ,NO APLICA ,ANARANJADO
1037,VIA PUBLICA,MANTENIMIENTO GENERAL A EQUIPAMIENTO URBANO,AVENIDA PRESIDENTE MASARYK,SIN NUMERO ,POLANCO,19.43169438,-99.19677077,REPARACION DE TOPE,NO APLICA,NO APLICA,INSTRUCCION SUPERIOR,NO APLICA,25/08/10,25/08/10,100%,SUBDIRECCION DE INFRAESTRUCTURA PUBLICA ,NO APLICA ,NO APLICA ,NO APLICA ,NO APLICA ,NO APLICA ,NO APLICA ,NO APLICA ,NO APLICA ,NO APLICA ,NO APLICA ,NO APLICA ,NO APLICA ,ANARANJADO
1038,VIA PUBLICA,MANTENIMIENTO GENERAL A EQUIPAMIENTO URBANO,MINERIA,SIN NUMERO ,ESCANDON,19.40102068,-99.17669411,REPARACION DE BALIZAS,NO APLICA,NO APLICA,INSTRUCCION SUPERIOR,NO APLICA,25/08/11,25/08/11,100%,SUBDIRECCION DE INFRAESTRUCTURA PUBLICA ,NO APLICA ,NO APLICA ,NO APLICA ,NO APLICA ,NO APLICA ,NO APLICA ,NO APLICA ,NO APLICA ,NO APLICA ,NO APLICA ,NO APLICA ,NO APLICA ,ANARANJADO
1039,ESCOMBRO,RETIRO,ELECTRIFICACION,2,DANIEL GARZA,19.41276381,-99.19248046,RETIRO DE ESCOMBRO DE LA ESCUELA PRIMARIA PIPILA VERDE,NO APLICA,NO APLICA,INSTRUCCION SUPERIOR,NO APLICA,25/08/12,25/08/12,100%,SUBDIRECCION DE INFRAESTRUCTURA PUBLICA ,NO APLICA ,NO APLICA ,NO APLICA ,NO APLICA ,NO APLICA ,NO APLICA ,NO APLICA ,NO APLICA ,NO APLICA ,NO APLICA ,NO APLICA ,NO APLICA ,ANARANJADO
1040,ESCOMBRO,RETIRO,BENJAMIN FRANKLIN ,230,ESCANDON II,19.40392674,-99.17241129,RETIRO DE ESCOMBRO,NO APLICA,NO APLICA,INSTRUCCION SUPERIOR,NO APLICA,25/08/13,25/08/13,100%,SUBDIRECCION DE INFRAESTRUCTURA PUBLICA ,NO APLICA ,NO APLICA ,NO APLICA ,NO APLICA ,NO APLICA ,NO APLICA ,NO APLICA ,NO APLICA ,NO APLICA ,NO APLICA ,NO APLICA ,NO APLICA ,ANARANJADO
1041,ESCOMBRO,RETIRO,AVENIDA BOSQUES Y AVENIDA CONSTITUYENTES,SIN NUMERO ,AMERICA,19.40602261,-99.20286556,RETIRO DE ESCOMBRO,NO APLICA,NO APLICA,INSTRUCCION SUPERIOR,NO APLICA,25/08/14,25/08/14,100%,SUBDIRECCION DE INFRAESTRUCTURA PUBLICA ,NO APLICA ,NO APLICA ,NO APLICA ,NO APLICA ,NO APLICA ,NO APLICA ,NO APLICA ,NO APLICA ,NO APLICA ,NO APLICA ,NO APLICA ,NO APLICA ,ANARANJADO
1042,ESCOMBRO,RETIRO,AVENIDA DE LOS ALPES ,545,LOMAS DE CHAPULTEPEC,19.42574189,-99.21510764,RETIRO DE ESCOMBRO,NO APLICA,NO APLICA,INSTRUCCION SUPERIOR,NO APLICA,25/08/15,25/08/15,100%,SUBDIRECCION DE INFRAESTRUCTURA PUBLICA ,NO APLICA ,NO APLICA ,NO APLICA ,NO APLICA ,NO APLICA ,NO APLICA ,NO APLICA ,NO APLICA ,NO APLICA ,NO APLICA ,NO APLICA ,NO APLICA ,ANARANJADO
1043,BOLARDOS,REINSTALACION,HORACIO Y PLATON,SIN NUMERO ,POLANCO II,19.43462186,-99.20329494,REINSTALACION DE BOLARDOS,NO APLICA,NO APLICA,INSTRUCCION SUPERIOR,NO APLICA,25/08/16,25/08/16,100%,SUBDIRECCION DE INFRAESTRUCTURA PUBLICA ,NO APLICA ,NO APLICA ,NO APLICA ,NO APLICA ,NO APLICA ,NO APLICA ,NO APLICA ,NO APLICA ,NO APLICA ,NO APLICA ,NO APLICA ,NO APLICA ,ANARANJADO
1044,BANQUETA,COLADO,LAGUNA DE GUZMAN ,27,PENSIL NORTE,19.44483197,-99.17079788,COLADO DE BANQUETA,NO APLICA,NO APLICA,INSTRUCCION SUPERIOR,NO APLICA,25/08/17,25/08/17,100%,SUBDIRECCION DE INFRAESTRUCTURA PUBLICA ,7.5,NO APLICA ,NO APLICA ,NO APLICA ,NO APLICA ,NO APLICA ,NO APLICA ,NO APLICA ,NO APLICA ,NO APLICA ,NO APLICA ,NO APLICA ,ANARANJADO
1045,BANQUETA,COLADO,AVENIDA DE LOS ALPES ,545,LOMAS DE CHAPULTEPEC,19.42574189,-99.21510764,COLADO DE BANQUETA,NO APLICA,NO APLICA,INSTRUCCION SUPERIOR,NO APLICA,25/08/18,25/08/18,100%,SUBDIRECCION DE INFRAESTRUCTURA PUBLICA ,9.3,NO APLICA ,NO APLICA ,NO APLICA ,NO APLICA ,NO APLICA ,NO APLICA ,NO APLICA ,NO APLICA ,NO APLICA ,NO APLICA ,NO APLICA ,ANARANJADO
1046,BANQUETA,COLADO,SIERRA VENTANAS ,545,LOMAS DE CHAPULTEPEC,19.41911793,-99.22351337,COLADO DE BANQUETA,NO APLICA,NO APLICA,INSTRUCCION SUPERIOR,NO APLICA,25/08/19,25/08/19,100%,SUBDIRECCION DE INFRAESTRUCTURA PUBLICA ,9.3,NO APLICA ,NO APLICA ,NO APLICA ,NO APLICA ,NO APLICA ,NO APLICA ,NO APLICA ,NO APLICA ,NO APLICA ,NO APLICA ,NO APLICA ,ANARANJADO
1047,ESCUELA PRIMARIA AQUILES SERDAN,MANTENIMIENTO GENERAL A EQUIPAMIENTO URBANO,AVENIDA BOSQUES,SIN NUMERO ,BOSQUE DE CHAPULTEPEC II,19.40760262,-99.20280373,REPARACION DE ESCALON,NO APLICA,NO APLICA,INSTRUCCION SUPERIOR,NO APLICA,25/08/20,25/08/20,100%,SUBDIRECCION DE INFRAESTRUCTURA PUBLICA ,NO APLICA ,NO APLICA ,NO APLICA ,NO APLICA ,NO APLICA ,NO APLICA ,NO APLICA ,NO APLICA ,NO APLICA ,NO APLICA ,NO APLICA ,NO APLICA ,ANARANJADO
1048,BOLARDOS,REINSTALACION,ESOPO ,31,POLANCO II,19.43311602,-99.20672228,REINSTALACION DE BOLARDOS,NO APLICA,NO APLICA,INSTRUCCION SUPERIOR,NO APLICA,25/08/21,25/08/21,100%,SUBDIRECCION DE INFRAESTRUCTURA PUBLICA ,NO APLICA ,NO APLICA ,NO APLICA ,NO APLICA ,NO APLICA ,NO APLICA ,NO APLICA ,NO APLICA ,NO APLICA ,NO APLICA ,NO APLICA ,NO APLICA ,ANARANJADO
1049,ESCOMBRO,RETIRO,MONTE LIBANO Y SIERRA TEZONCO,SIN NUMERO ,LOMAS DE CHAPULTEPEC IV,19.41694329,-99.22170361,RETIRO DE ESCOMBRO,NO APLICA,NO APLICA,INSTRUCCION SUPERIOR,NO APLICA,25/08/22,25/08/22,100%,SUBDIRECCION DE INFRAESTRUCTURA PUBLICA ,NO APLICA ,NO APLICA ,NO APLICA ,NO APLICA ,NO APLICA ,NO APLICA ,NO APLICA ,NO APLICA ,NO APLICA ,NO APLICA ,NO APLICA ,NO APLICA ,ANARANJADO
1050,ESCOMBRO,RETIRO,COMERCIO Y MARTIRES DE LA CONQUISTA,SIN NUMERO ,ESCANDON II,19.40060048,-99.17890102,RETIRO DE ESCOMBRO,NO APLICA,NO APLICA,INSTRUCCION SUPERIOR,NO APLICA,25/08/23,25/08/23,100%,SUBDIRECCION DE INFRAESTRUCTURA PUBLICA ,NO APLICA ,NO APLICA ,NO APLICA ,NO APLICA ,NO APLICA ,NO APLICA ,NO APLICA ,NO APLICA ,NO APLICA ,NO APLICA ,NO APLICA ,NO APLICA ,ANARANJADO
1051,ESCOMBRO,RETIRO,SINDICALISMO ,138,ESCANDON I,19.40288337,-99.17984592,RETIRO DE ESCOMBRO,NO APLICA,NO APLICA,INSTRUCCION SUPERIOR,NO APLICA,25/08/24,25/08/24,100%,SUBDIRECCION DE INFRAESTRUCTURA PUBLICA ,NO APLICA ,NO APLICA ,NO APLICA ,NO APLICA ,NO APLICA ,NO APLICA ,NO APLICA ,NO APLICA ,NO APLICA ,NO APLICA ,NO APLICA ,NO APLICA ,ANARANJADO
1052,ESCOMBRO,RETIRO,LAGO MARACAIBNO Y LAGO BUENOS AIRES,SIN NUMERO ,ARGENTINA ANTIGUA,19.4571989,-99.20311844,RETIRO DE ESCOMBRO,NO APLICA,NO APLICA,INSTRUCCION SUPERIOR,NO APLICA,25/08/25,25/08/25,100%,SUBDIRECCION DE INFRAESTRUCTURA PUBLICA ,NO APLICA ,NO APLICA ,NO APLICA ,NO APLICA ,NO APLICA ,NO APLICA ,NO APLICA ,NO APLICA ,NO APLICA ,NO APLICA ,NO APLICA ,NO APLICA ,ANARANJADO
1053,ESCOMBRO,RETIRO,LAGO BANGUEOLO,SIN NUMERO ,GRANADA,19.43974279,-99.19205755,RETIRO DE ESCOMBRO,NO APLICA,NO APLICA,INSTRUCCION SUPERIOR,NO APLICA,25/08/26,25/08/26,100%,SUBDIRECCION DE INFRAESTRUCTURA PUBLICA ,NO APLICA ,NO APLICA ,NO APLICA ,NO APLICA ,NO APLICA ,NO APLICA ,NO APLICA ,NO APLICA ,NO APLICA ,NO APLICA ,NO APLICA ,NO APLICA ,ANARANJADO
1054,ESCOMBRO,RETIRO,BAHIA DE LAS PALMAS Y BAHIA DE SANTA BARBARA,SIN NUMERO ,VERONICA ANZURES,19.43564336,-99.1734756,RETIRO DE ESCOMBRO,NO APLICA,NO APLICA,INSTRUCCION SUPERIOR,NO APLICA,25/08/27,25/08/27,100%,SUBDIRECCION DE INFRAESTRUCTURA PUBLICA ,NO APLICA ,NO APLICA ,NO APLICA ,NO APLICA ,NO APLICA ,NO APLICA ,NO APLICA ,NO APLICA ,NO APLICA ,NO APLICA ,NO APLICA ,NO APLICA ,ANARANJADO
1055,ESCOMBRO,RETIRO,COPERNICO ,47,ANZURES,19.43155019,-99.17480443,RETIRO DE ESCOMBRO,NO APLICA,NO APLICA,INSTRUCCION SUPERIOR,NO APLICA,25/08/28,25/08/28,100%,SUBDIRECCION DE INFRAESTRUCTURA PUBLICA ,NO APLICA ,NO APLICA ,NO APLICA ,NO APLICA ,NO APLICA ,NO APLICA ,NO APLICA ,NO APLICA ,NO APLICA ,NO APLICA ,NO APLICA ,NO APLICA ,ANARANJADO
1056,BANQUETA,COLADO,AVENIDA  DE LOS ALPES ,545,LOMAS DE CHAPULTEPEC,19.42574189,-99.21510764,COLADO DE RAMPA VEHICULAR,NO APLICA,NO APLICA,INSTRUCCION SUPERIOR,NO APLICA,25/08/29,25/08/29,100%,SUBDIRECCION DE INFRAESTRUCTURA PUBLICA ,NO APLICA ,NO APLICA ,NO APLICA ,NO APLICA ,NO APLICA ,NO APLICA ,NO APLICA ,NO APLICA ,NO APLICA ,NO APLICA ,NO APLICA ,NO APLICA ,ANARANJADO
1057,BANQUETA,COLADO,LAGUNA DE GUZMAN ,27,PENSIL NORTE,19.44483552,-99.17080707,COLADO DE BANQUETA,NO APLICA,NO APLICA,INSTRUCCION SUPERIOR,NO APLICA,25/08/30,25/08/30,100%,SUBDIRECCION DE INFRAESTRUCTURA PUBLICA ,13.5,NO APLICA ,NO APLICA ,NO APLICA ,NO APLICA ,NO APLICA ,NO APLICA ,NO APLICA ,NO APLICA ,NO APLICA ,NO APLICA ,NO APLICA ,ANARANJADO
1058,BANQUETA,COLADO,JOSE MARIA CUETO ,24,OBSERVATORIO,19.40474037,-99.19349371,COLADO DE BANQUETA,NO APLICA,NO APLICA,INSTRUCCION SUPERIOR,NO APLICA,25/08/31,25/08/31,100%,SUBDIRECCION DE INFRAESTRUCTURA PUBLICA ,NO APLICA ,NO APLICA ,NO APLICA ,NO APLICA ,NO APLICA ,NO APLICA ,NO APLICA ,NO APLICA ,NO APLICA ,NO APLICA ,NO APLICA ,NO APLICA ,ANARANJADO
1059,BOLARDOS,REINSTALACION,CAMPOS ELISEOS Y RUBEN DARIO,SIN NUMERO ,POLANCO V,19.42807265,-99.19336972,REINSTALACION DE BOLARDOS,NO APLICA,NO APLICA,INSTRUCCION SUPERIOR,NO APLICA,25/09/01,25/09/01,100%,SUBDIRECCION DE INFRAESTRUCTURA PUBLICA ,NO APLICA ,NO APLICA ,NO APLICA ,NO APLICA ,NO APLICA ,NO APLICA ,NO APLICA ,NO APLICA ,NO APLICA ,NO APLICA ,NO APLICA ,NO APLICA ,ANARANJADO
1060,BANQUETA,COLADO,BAHIA DE GUANTANAMO ,73,VERONICA ANZURES,19.43563654,-99.1768271,COLADO DE BANQUETA,NO APLICA,NO APLICA,INSTRUCCION SUPERIOR,NO APLICA,25/09/02,25/09/02,100%,SUBDIRECCION DE INFRAESTRUCTURA PUBLICA ,NO APLICA ,NO APLICA ,NO APLICA ,NO APLICA ,NO APLICA ,NO APLICA ,NO APLICA ,NO APLICA ,NO APLICA ,NO APLICA ,NO APLICA ,NO APLICA ,ANARANJADO
1061,BANQUETA,DEMOLICION,MONTE ALTAI ,115,LOMAS DE CHAPULTEPEC,19.42712562,-99.21073227,DEMOLICION DE RAMPA VEHICULAR,NO APLICA,NO APLICA,INSTRUCCION SUPERIOR,NO APLICA,25/09/03,25/09/03,100%,SUBDIRECCION DE INFRAESTRUCTURA PUBLICA ,12,NO APLICA ,NO APLICA ,NO APLICA ,NO APLICA ,NO APLICA ,NO APLICA ,NO APLICA ,NO APLICA ,NO APLICA ,NO APLICA ,NO APLICA ,ANARANJADO
1062,VIA PUBLICA,MANTENIMIENTO GENERAL A EQUIPAMIENTO URBANO,LAURO AGUIRRE ,78,SANTO TOMAS,19.44626899,-99.16641371,RETIRO DE JARDINERA DE CONCRETO,NO APLICA,NO APLICA,INSTRUCCION SUPERIOR,NO APLICA,25/09/04,25/09/04,100%,SUBDIRECCION DE INFRAESTRUCTURA PUBLICA ,NO APLICA ,NO APLICA ,NO APLICA ,NO APLICA ,NO APLICA ,NO APLICA ,NO APLICA ,NO APLICA ,NO APLICA ,NO APLICA ,NO APLICA ,NO APLICA ,ANARANJADO
1063,ESCOMBRO,RETIRO,BOSQUE DE CIRUELOS Y BOSQUE DE DURAZNOS,SIN NUMERO ,BOSQUE DE LAS LOMAS,19.40232064,-99.24310996,RETIRO DE ESCOMBRO,NO APLICA,NO APLICA,INSTRUCCION SUPERIOR,NO APLICA,25/09/05,25/09/05,100%,SUBDIRECCION DE INFRAESTRUCTURA PUBLICA ,NO APLICA ,NO APLICA ,NO APLICA ,NO APLICA ,NO APLICA ,NO APLICA ,NO APLICA ,NO APLICA ,NO APLICA ,NO APLICA ,NO APLICA ,NO APLICA ,ANARANJADO
1064,ESCOMBRO,RETIRO,PERIFERICO,SIN NUMERO ,LOMAS DE CHAPULTEPEC III,19.43493971,-99.21159903,RETIRO DE ARENA EN APOYO A PROTECCI‡N CIVIL,NO APLICA,NO APLICA,INSTRUCCION SUPERIOR,NO APLICA,25/09/06,25/09/06,100%,SUBDIRECCION DE INFRAESTRUCTURA PUBLICA ,NO APLICA ,NO APLICA ,NO APLICA ,NO APLICA ,NO APLICA ,NO APLICA ,NO APLICA ,NO APLICA ,NO APLICA ,NO APLICA ,NO APLICA ,NO APLICA ,ANARANJADO
1065,ESCOMBRO,RETIRO,LAGO GINEBRA ,134,PENSIL SUR,19.4099021,-99.03046581,NO SE ENCONTRO ESCOMBRO,NO APLICA,NO APLICA,INSTRUCCION SUPERIOR,NO APLICA,25/09/07,25/09/07,100%,SUBDIRECCION DE INFRAESTRUCTURA PUBLICA ,NO APLICA ,NO APLICA ,NO APLICA ,NO APLICA ,NO APLICA ,NO APLICA ,NO APLICA ,NO APLICA ,NO APLICA ,NO APLICA ,NO APLICA ,NO APLICA ,ANARANJADO
1066,ESCOMBRO,RETIRO,BOSQUE DE MANZANOS ,275,BOSQUE DE LAS LOMAS,19.39752337,-99.24428403,RETIRO DE ESCOMBRO,NO APLICA,NO APLICA,INSTRUCCION SUPERIOR,NO APLICA,25/09/08,25/09/08,100%,SUBDIRECCION DE INFRAESTRUCTURA PUBLICA ,NO APLICA ,NO APLICA ,NO APLICA ,NO APLICA ,NO APLICA ,NO APLICA ,NO APLICA ,NO APLICA ,NO APLICA ,NO APLICA ,NO APLICA ,NO APLICA ,ANARANJADO
1067,ESCOMBRO,RETIRO,LAGO SAN PEDRO ,79,5 DE MAYO,19.45021088,-99.19869035,NO SE ENCONTRO ESCOMBRO,NO APLICA,NO APLICA,INSTRUCCION SUPERIOR,NO APLICA,25/09/09,25/09/09,100%,SUBDIRECCION DE INFRAESTRUCTURA PUBLICA ,NO APLICA ,NO APLICA ,NO APLICA ,NO APLICA ,NO APLICA ,NO APLICA ,NO APLICA ,NO APLICA ,NO APLICA ,NO APLICA ,NO APLICA ,NO APLICA ,ANARANJADO
1068,ESCOMBRO,RETIRO,JOSE CEBALLOS Y ENRIQUE TORROELLA,SIN NUMERO ,AMPLIACION DANIEL GARZA,19.40982108,-99.1913803,RETIRO DE ESCOMBRO,NO APLICA,NO APLICA,INSTRUCCION SUPERIOR,NO APLICA,25/09/10,25/09/10,100%,SUBDIRECCION DE INFRAESTRUCTURA PUBLICA ,NO APLICA ,NO APLICA ,NO APLICA ,NO APLICA ,NO APLICA ,NO APLICA ,NO APLICA ,NO APLICA ,NO APLICA ,NO APLICA ,NO APLICA ,NO APLICA ,ANARANJADO
1069,BANQUETA,DEMOLICION,MONTE ALTAI ,115,LOMAS DE CHAPULTEPEC,19.42714156,-99.21074982,DEMOLICION DE BANQUETA,NO APLICA,NO APLICA,INSTRUCCION SUPERIOR,NO APLICA,25/09/11,25/09/11,100%,SUBDIRECCION DE INFRAESTRUCTURA PUBLICA ,NO APLICA ,NO APLICA ,13,NO APLICA ,NO APLICA ,NO APLICA ,NO APLICA ,NO APLICA ,NO APLICA ,NO APLICA ,NO APLICA ,NO APLICA ,ANARANJADO
1070,BANQUETA,COLADO,11 DE ABRIL,SIN NUMERO ,ESCANDON,19.39635809,-99.18376769,COLADO DE RAMPA VEHICULAR,NO APLICA,NO APLICA,INSTRUCCION SUPERIOR,NO APLICA,25/09/12,25/09/12,100%,SUBDIRECCION DE INFRAESTRUCTURA PUBLICA ,11.5,NO APLICA ,NO APLICA ,NO APLICA ,NO APLICA ,NO APLICA ,NO APLICA ,NO APLICA ,NO APLICA ,NO APLICA ,NO APLICA ,NO APLICA ,ANARANJADO
1071,BANQUETA,DEMOLICION,RAFAEL REBOLLAR ,25,SAN MIGUEL CHAPULTEPEC II,19.41388314,-99.18692505,DEMOLICION DE BANQUETA,NO APLICA,NO APLICA,INSTRUCCION SUPERIOR,NO APLICA,25/09/13,25/09/13,100%,SUBDIRECCION DE INFRAESTRUCTURA PUBLICA ,NO APLICA ,NO APLICA ,NO APLICA ,NO APLICA ,NO APLICA ,NO APLICA ,NO APLICA ,NO APLICA ,NO APLICA ,NO APLICA ,NO APLICA ,NO APLICA ,ANARANJADO
1072,VIA PUBLICA,MANTENIMIENTO GENERAL A EQUIPAMIENTO URBANO,FERROCARRIL DE CUERNAVA Y SAN JOAQUIN,SIN NUMERO ,MODELO PENSIL,19.44249974,-99.19269834,REPARACION DE JUEGOS INFANTILES ,NO APLICA,NO APLICA,INSTRUCCION SUPERIOR,NO APLICA,25/09/14,25/09/14,100%,SUBDIRECCION DE INFRAESTRUCTURA PUBLICA ,NO APLICA ,NO APLICA ,NO APLICA ,NO APLICA ,NO APLICA ,NO APLICA ,NO APLICA ,NO APLICA ,NO APLICA ,NO APLICA ,NO APLICA ,NO APLICA ,ANARANJADO
1073,VIA PUBLICA,MANTENIMIENTO GENERAL A EQUIPAMIENTO URBANO,SIERRA LEONA ,330,LOMAS DE CHAPULTEPEC,19.41761512,-99.22332933,RETIRO DE TOPE,NO APLICA,NO APLICA,INSTRUCCION SUPERIOR,NO APLICA,25/09/15,25/09/15,100%,SUBDIRECCION DE INFRAESTRUCTURA PUBLICA ,NO APLICA ,NO APLICA ,NO APLICA ,NO APLICA ,NO APLICA ,NO APLICA ,NO APLICA ,NO APLICA ,NO APLICA ,NO APLICA ,NO APLICA ,NO APLICA ,ANARANJADO
1074,ESCOMBRO,RETIRO,ENRIQUE TORROELLA ,146,AMPLIACION DANIEL GARZA,19.40838664,-99.19146266,NO SE ENCONTRO ESCOMBRO,NO APLICA,NO APLICA,INSTRUCCION SUPERIOR,NO APLICA,25/09/16,25/09/16,100%,SUBDIRECCION DE INFRAESTRUCTURA PUBLICA ,NO APLICA ,NO APLICA ,NO APLICA ,NO APLICA ,NO APLICA ,NO APLICA ,NO APLICA ,NO APLICA ,NO APLICA ,NO APLICA ,NO APLICA ,NO APLICA ,ANARANJADO
1075,ESCOMBRO,RETIRO,GONZALEZ CALDERON ,46,OBSERVATORIO,19.40521572,-99.19414905,NO SE ENCONTRO ESCOMBRO,NO APLICA,NO APLICA,INSTRUCCION SUPERIOR,NO APLICA,25/09/17,25/09/17,100%,SUBDIRECCION DE INFRAESTRUCTURA PUBLICA ,NO APLICA ,NO APLICA ,NO APLICA ,NO APLICA ,NO APLICA ,NO APLICA ,NO APLICA ,NO APLICA ,NO APLICA ,NO APLICA ,NO APLICA ,NO APLICA ,ANARANJADO
1076,ESCOMBRO,RETIRO,LAGUNA DE GUZMAN ,27,ANAHUAC I,19.44481572,-99.17080925,RETIRO DE ESCOMBRO,NO APLICA,NO APLICA,INSTRUCCION SUPERIOR,NO APLICA,25/09/18,25/09/18,100%,SUBDIRECCION DE INFRAESTRUCTURA PUBLICA ,NO APLICA ,NO APLICA ,NO APLICA ,NO APLICA ,NO APLICA ,NO APLICA ,NO APLICA ,NO APLICA ,NO APLICA ,NO APLICA ,NO APLICA ,NO APLICA ,ANARANJADO
1077,ESCOMBRO,RETIRO,LAGO MAYOR ,88,LOS MANZANOS,19.44837931,-99.18561175,RETIRO DE ESCOMBRO,NO APLICA,NO APLICA,INSTRUCCION SUPERIOR,NO APLICA,25/09/19,25/09/19,100%,SUBDIRECCION DE INFRAESTRUCTURA PUBLICA ,NO APLICA ,NO APLICA ,NO APLICA ,NO APLICA ,NO APLICA ,NO APLICA ,NO APLICA ,NO APLICA ,NO APLICA ,NO APLICA ,NO APLICA ,NO APLICA ,ANARANJADO
1078,ESCOMBRO,RETIRO,CALZADA MEXICO TACUBA ,75,UN HOGAR PARA NOSOTROS,19.44730347,-99.1688982,RETIRO DE ESCOMBRO,NO APLICA,NO APLICA,INSTRUCCION SUPERIOR,NO APLICA,25/09/20,25/09/20,100%,SUBDIRECCION DE INFRAESTRUCTURA PUBLICA ,NO APLICA ,NO APLICA ,NO APLICA ,NO APLICA ,NO APLICA ,NO APLICA ,NO APLICA ,NO APLICA ,NO APLICA ,NO APLICA ,NO APLICA ,NO APLICA ,ANARANJADO
1079,BANQUETA,DEMOLICION,LAGO ISEO Y LAGUNA DE MAYRAN,SIN NUMERO ,ANAHUAC I,19.44148354,-99.18171294,DEMOLICION DE BANQUETA,NO APLICA,NO APLICA,INSTRUCCION SUPERIOR,NO APLICA,25/09/21,25/09/21,100%,SUBDIRECCION DE INFRAESTRUCTURA PUBLICA ,NO APLICA ,NO APLICA ,NO APLICA ,NO APLICA ,NO APLICA ,NO APLICA ,NO APLICA ,NO APLICA ,NO APLICA ,NO APLICA ,NO APLICA ,NO APLICA ,ANARANJADO
1080,BANQUETA,COLADO,11 DE ABRIL,SIN NUMERO ,ESCANDON,19.39633099,-99.18375843,COLADO DE BANQUETA,NO APLICA,NO APLICA,INSTRUCCION SUPERIOR,NO APLICA,25/09/22,25/09/22,100%,SUBDIRECCION DE INFRAESTRUCTURA PUBLICA ,19,NO APLICA ,NO APLICA ,NO APLICA ,NO APLICA ,NO APLICA ,NO APLICA ,NO APLICA ,NO APLICA ,NO APLICA ,NO APLICA ,NO APLICA ,ANARANJADO
1081,BANQUETA,DEMOLICION,MONTE ALTAI ,115,LOMAS DE CHAPULTEPEC,19.42715222,-99.21060996,DEMOLICION DE RAMPA VEHICULAR,NO APLICA,NO APLICA,INSTRUCCION SUPERIOR,NO APLICA,25/09/23,25/09/23,100%,SUBDIRECCION DE INFRAESTRUCTURA PUBLICA ,12.8,NO APLICA ,NO APLICA ,NO APLICA ,NO APLICA ,NO APLICA ,NO APLICA ,NO APLICA ,NO APLICA ,NO APLICA ,NO APLICA ,NO APLICA ,ANARANJADO
1082,BANQUETA,COLADO,RAFAEL REBOLLAR ,25,SAN MIGUEL CHAPULTEPEC II,19.41387326,-99.18692275,COLADO DE RAMPA,NO APLICA,NO APLICA,INSTRUCCION SUPERIOR,NO APLICA,25/09/24,25/09/24,100%,SUBDIRECCION DE INFRAESTRUCTURA PUBLICA ,NO APLICA ,NO APLICA ,NO APLICA ,NO APLICA ,NO APLICA ,NO APLICA ,NO APLICA ,NO APLICA ,NO APLICA ,NO APLICA ,NO APLICA ,NO APLICA ,ANARANJADO
1083,ESCOMBRO,RETIRO,RAFAEL REBOLLAR ,25,SAN MIGUEL CHAPULTEPEC II,19.41387326,-99.18692275,RETIRO DE ESCOMBRO,NO APLICA,NO APLICA,INSTRUCCION SUPERIOR,NO APLICA,25/09/25,25/09/25,100%,SUBDIRECCION DE INFRAESTRUCTURA PUBLICA ,NO APLICA ,NO APLICA ,NO APLICA ,NO APLICA ,NO APLICA ,NO APLICA ,NO APLICA ,NO APLICA ,NO APLICA ,NO APLICA ,NO APLICA ,NO APLICA ,ANARANJADO
1084,ESCOMBRO,RETIRO,LAGO KOLIND ,79A,PENSIL NORTE,19.45030817,-99.19750163,RETIRO DE ESCOMBRO,NO APLICA,NO APLICA,INSTRUCCION SUPERIOR,NO APLICA,25/09/26,25/09/26,100%,SUBDIRECCION DE INFRAESTRUCTURA PUBLICA ,NO APLICA ,NO APLICA ,NO APLICA ,NO APLICA ,NO APLICA ,NO APLICA ,NO APLICA ,NO APLICA ,NO APLICA ,NO APLICA ,NO APLICA ,NO APLICA ,ANARANJADO
1085,ESCOMBRO,RETIRO,MONTE ALTAI ,115,LOMAS DE CHAPULTEPEC,19.42715222,-99.21060996,RETIRO DE ESCOMBRO,NO APLICA,NO APLICA,INSTRUCCION SUPERIOR,NO APLICA,25/09/27,25/09/27,100%,SUBDIRECCION DE INFRAESTRUCTURA PUBLICA ,NO APLICA ,NO APLICA ,NO APLICA ,NO APLICA ,NO APLICA ,NO APLICA ,NO APLICA ,NO APLICA ,NO APLICA ,NO APLICA ,NO APLICA ,NO APLICA ,ANARANJADO
1086,ESCOMBRO,RETIRO,MIGUEL DE CERVANTES SAAVEDRA Y LAGO VICTORIA,SIN NUMERO ,GRANADA,19.44091906,-99.19361698,RETIRO DE ESCOMBRO,NO APLICA,NO APLICA,INSTRUCCION SUPERIOR,NO APLICA,25/09/28,25/09/28,100%,SUBDIRECCION DE INFRAESTRUCTURA PUBLICA ,NO APLICA ,NO APLICA ,NO APLICA ,NO APLICA ,NO APLICA ,NO APLICA ,NO APLICA ,NO APLICA ,NO APLICA ,NO APLICA ,NO APLICA ,NO APLICA ,ANARANJADO
1087,BANQUETA,COLADO,MONTE ALTAI ,115,LOMAS DE CHAPULTEPEC,19.42715222,-99.21060996,COLADO DE RAMPA VEHICULAR,NO APLICA,NO APLICA,INSTRUCCION SUPERIOR,NO APLICA,25/09/29,25/09/29,100%,SUBDIRECCION DE INFRAESTRUCTURA PUBLICA ,12,NO APLICA ,NO APLICA ,NO APLICA ,NO APLICA ,NO APLICA ,NO APLICA ,NO APLICA ,NO APLICA ,NO APLICA ,NO APLICA ,NO APLICA ,ANARANJADO
1088,BANQUETA,DEMOLICION,LAGO ISEO Y LAGUNA DE MAYRAN,SIN NUMERO ,ANAHUAC I,19.44146741,-99.18225318,DEMOLICION DE BANQUETA,NO APLICA,NO APLICA,INSTRUCCION SUPERIOR,NO APLICA,25/09/30,25/09/30,100%,SUBDIRECCION DE INFRAESTRUCTURA PUBLICA ,NO APLICA ,NO APLICA ,7,NO APLICA ,NO APLICA ,NO APLICA ,NO APLICA ,NO APLICA ,NO APLICA ,NO APLICA ,NO APLICA ,NO APLICA ,ANARANJADO
1089,BANQUETA,DEMOLICION,CUVIER ,15,ANZURES,19.43264079,-99.18009484,PREPARACION DE BANQUETA,NO APLICA,NO APLICA,INSTRUCCION SUPERIOR,NO APLICA,25/10/01,25/10/01,100%,SUBDIRECCION DE INFRAESTRUCTURA PUBLICA ,NO APLICA ,NO APLICA ,NO APLICA ,NO APLICA ,NO APLICA ,NO APLICA ,NO APLICA ,NO APLICA ,NO APLICA ,NO APLICA ,NO APLICA ,NO APLICA ,ANARANJADO
1090,BANQUETA,COLADO,MARTIRES DE TACUBAYA ,35,ESCANDON I,19.39704327,-99.18411025,COLADO DE BANQUETA,NO APLICA,NO APLICA,INSTRUCCION SUPERIOR,NO APLICA,25/10/02,25/10/02,100%,SUBDIRECCION DE INFRAESTRUCTURA PUBLICA ,NO APLICA ,NO APLICA ,NO APLICA ,NO APLICA ,NO APLICA ,NO APLICA ,NO APLICA ,NO APLICA ,NO APLICA ,NO APLICA ,NO APLICA ,NO APLICA ,ANARANJADO
1091,BANQUETA,COLADO,PONIENTE ,143,MEXICO NUEVO,19.45184078,-99.20399682,COLADO DE BANQUETA,NO APLICA,NO APLICA,INSTRUCCION SUPERIOR,NO APLICA,25/10/03,25/10/03,100%,SUBDIRECCION DE INFRAESTRUCTURA PUBLICA ,NO APLICA ,NO APLICA ,NO APLICA ,NO APLICA ,NO APLICA ,NO APLICA ,NO APLICA ,NO APLICA ,NO APLICA ,NO APLICA ,NO APLICA ,NO APLICA ,ANARANJADO
1092,VIA PUBLICA,MANTENIMIENTO GENERAL A EQUIPAMIENTO URBANO,MASARYK Y ARQUIMEDES,SIN NUMERO ,POLANCO,19.43159554,-99.19118268,RETIRO DE LETRAS,NO APLICA,NO APLICA,INSTRUCCION SUPERIOR,NO APLICA,25/10/04,25/10/04,100%,SUBDIRECCION DE INFRAESTRUCTURA PUBLICA ,NO APLICA ,NO APLICA ,NO APLICA ,NO APLICA ,NO APLICA ,NO APLICA ,NO APLICA ,NO APLICA ,NO APLICA ,NO APLICA ,NO APLICA ,NO APLICA ,ANARANJADO
1093,ESCOMBRO,RETIRO,INSTITUTO DE HIGIENE ,23,POPOTLA,19.45393169,-99.17998853,RETIRO DE ECOMBRO,NO APLICA,NO APLICA,INSTRUCCION SUPERIOR,NO APLICA,25/10/05,25/10/05,100%,SUBDIRECCION DE INFRAESTRUCTURA PUBLICA ,NO APLICA ,NO APLICA ,NO APLICA ,NO APLICA ,NO APLICA ,NO APLICA ,NO APLICA ,NO APLICA ,NO APLICA ,NO APLICA ,NO APLICA ,NO APLICA ,ANARANJADO
1094,ESCOMBRO,RETIRO,MASARYK Y SOCRATES,SIN NUMERO ,POLANCO II,19.43230666,-99.20375734,NO SE ENCONTRO ESCOMBRO,NO APLICA,NO APLICA,INSTRUCCION SUPERIOR,NO APLICA,25/10/06,25/10/06,100%,SUBDIRECCION DE INFRAESTRUCTURA PUBLICA ,NO APLICA ,NO APLICA ,NO APLICA ,NO APLICA ,NO APLICA ,NO APLICA ,NO APLICA ,NO APLICA ,NO APLICA ,NO APLICA ,NO APLICA ,NO APLICA ,ANARANJADO
1095,ESCOMBRO,RETIRO,LAGO ISEO Y LAGUNA DE MAYRAN,SIN NUMERO ,ANAHUAC I,19.44146741,-99.18225318,RETIRO DE ECOMBRO,NO APLICA,NO APLICA,INSTRUCCION SUPERIOR,NO APLICA,25/10/07,25/10/07,100%,SUBDIRECCION DE INFRAESTRUCTURA PUBLICA ,NO APLICA ,NO APLICA ,NO APLICA ,NO APLICA ,NO APLICA ,NO APLICA ,NO APLICA ,NO APLICA ,NO APLICA ,NO APLICA ,NO APLICA ,NO APLICA ,ANARANJADO
1096,ESCOMBRO,RETIRO,11 DE ABRIL,SIN NUMERO ,ESCANDON,19.39634869,-99.18377412,RETIRO DE ECOMBRO,NO APLICA,NO APLICA,INSTRUCCION SUPERIOR,NO APLICA,25/10/08,25/10/08,100%,SUBDIRECCION DE INFRAESTRUCTURA PUBLICA ,NO APLICA ,NO APLICA ,NO APLICA ,NO APLICA ,NO APLICA ,NO APLICA ,NO APLICA ,NO APLICA ,NO APLICA ,NO APLICA ,NO APLICA ,NO APLICA ,ANARANJADO
1097,ESCOMBRO,RETIRO,CERRADA DE LAGO SAN PEDRO ,33,PENSIL NORTE,19.44980164,-99.19716558,RETIRO DE ECOMBRO,NO APLICA,NO APLICA,INSTRUCCION SUPERIOR,NO APLICA,25/10/09,25/10/09,100%,SUBDIRECCION DE INFRAESTRUCTURA PUBLICA ,NO APLICA ,NO APLICA ,NO APLICA ,NO APLICA ,NO APLICA ,NO APLICA ,NO APLICA ,NO APLICA ,NO APLICA ,NO APLICA ,NO APLICA ,NO APLICA ,ANARANJADO
1098,BANQUETA,COLADO,LAGO ISEO Y LAGUNA DE MAYRAN,SIN NUMERO ,ANAHUAC I,19.44146741,-99.18225318,COLADO DE RAMPA VEHICULAR,NO APLICA,NO APLICA,INSTRUCCION SUPERIOR,NO APLICA,25/10/10,25/10/10,100%,SUBDIRECCION DE INFRAESTRUCTURA PUBLICA ,8.5,NO APLICA ,NO APLICA ,NO APLICA ,NO APLICA ,NO APLICA ,NO APLICA ,NO APLICA ,NO APLICA ,NO APLICA ,NO APLICA ,NO APLICA ,ANARANJADO
1099,BANQUETA,COLADO,CUVIER ,15,ANZURES,19.43264079,-99.18009484,COLADO DE BANQUETA,NO APLICA,NO APLICA,INSTRUCCION SUPERIOR,NO APLICA,25/10/11,25/10/11,100%,SUBDIRECCION DE INFRAESTRUCTURA PUBLICA ,12,NO APLICA ,NO APLICA ,NO APLICA ,NO APLICA ,NO APLICA ,NO APLICA ,NO APLICA ,NO APLICA ,NO APLICA ,NO APLICA ,NO APLICA ,ANARANJADO
1100,DEPORTIVO PLAN SEXENAL,MANTENIMIENTO GENERAL A EQUIPAMIENTO URBANO,PLAN DE GUADALUPE Y MAR MEDITERRANEO,SIN NUMERO ,NEXTITLA,19.45474177,-99.17346973,ENTREGA DE TAPA DE REGISTRO,NO APLICA,NO APLICA,INSTRUCCION SUPERIOR,NO APLICA,25/10/12,25/10/12,100%,SUBDIRECCION DE INFRAESTRUCTURA PUBLICA ,NO APLICA ,NO APLICA ,NO APLICA ,NO APLICA ,NO APLICA ,NO APLICA ,NO APLICA ,NO APLICA ,NO APLICA ,NO APLICA ,NO APLICA ,NO APLICA ,ANARANJADO
1101,ESCOMBRO,RETIRO,CALLE 3 ,469,DEPORTIVO PENSIL,19.44913198,-99.20231832,RETIRO DE ESCOMBRO,NO APLICA,NO APLICA,INSTRUCCION SUPERIOR,NO APLICA,25/10/13,25/10/13,100%,SUBDIRECCION DE INFRAESTRUCTURA PUBLICA ,NO APLICA ,NO APLICA ,NO APLICA ,NO APLICA ,NO APLICA ,NO APLICA ,NO APLICA ,NO APLICA ,NO APLICA ,NO APLICA ,NO APLICA ,NO APLICA ,ANARANJADO
1102,ESCOMBRO,RETIRO,CUVIER ,15,ANZURES,19.43264079,-99.18009484,RETIRO DE TIERRA,NO APLICA,NO APLICA,INSTRUCCION SUPERIOR,NO APLICA,25/10/14,25/10/14,100%,SUBDIRECCION DE INFRAESTRUCTURA PUBLICA ,NO APLICA ,NO APLICA ,NO APLICA ,NO APLICA ,NO APLICA ,NO APLICA ,NO APLICA ,NO APLICA ,NO APLICA ,NO APLICA ,NO APLICA ,NO APLICA ,ANARANJADO
1103,ESCOMBRO,RETIRO,CERRADA LAGO XIMILPA ,88,ARGENTINA ANTIGUA,19.45298327,-99.20040904,RETIRO DE ESCOMBRO DEL IEMS CARMEN SERDAN,NO APLICA,NO APLICA,INSTRUCCION SUPERIOR,NO APLICA,25/10/15,25/10/15,100%,SUBDIRECCION DE INFRAESTRUCTURA PUBLICA ,NO APLICA ,NO APLICA ,NO APLICA ,NO APLICA ,NO APLICA ,NO APLICA ,NO APLICA ,NO APLICA ,NO APLICA ,NO APLICA ,NO APLICA ,NO APLICA ,ANARANJADO
1104,FUENTE ORNAMENTAL ARBOL DE LA NOCHE TRISTE,MANTENIMIENTO A FUENTES ORNAMENTALES,AVENIDA MEXICO TACUBA E INSTITUTO DE LA HIGIENE,SIN NUMERO ,POPOTLA,19.45553498,-99.17944843,LIMPIEZA RETIRO DE HOJARASCA Y SOLIDOS ,NO APLICA,NO APLICA,INSTRUCCION SUPERIOR,NO APLICA,25/10/16,25/10/16,100%,SUBDIRECCION DE INFRAESTRUCTURA PUBLICA ,NO APLICA ,NO APLICA ,NO APLICA ,NO APLICA ,NO APLICA ,NO APLICA ,NO APLICA ,NO APLICA ,NO APLICA ,NO APLICA ,1,NO APLICA ,ANARANJADO
1105,FUENTE ORNAMENTAL MOLIERE,MANTENIMIENTO A FUENTES ORNAMENTALES,PROLONGACION MOLIERE Y MATEO ALEMAN,SIN NUMERO ,AMPLIACION GRANADA,19.44345561,-99.19976364,LAVADO Y LIMPIEZA,NO APLICA,NO APLICA,INSTRUCCION SUPERIOR,NO APLICA,25/10/17,25/10/17,100%,SUBDIRECCION DE INFRAESTRUCTURA PUBLICA ,NO APLICA ,NO APLICA ,NO APLICA ,NO APLICA ,NO APLICA ,NO APLICA ,NO APLICA ,NO APLICA ,NO APLICA ,NO APLICA ,1,NO APLICA ,ANARANJADO
1106,FUENTE ORNAMENTAL VIRREYES,MANTENIMIENTO A FUENTES ORNAMENTALES,BOULEVARD DE LOS VIRREYES Y VICENTE GUEMES,SIN NUMERO ,LOMA DE CHAPULTEPEC,19.41870063,-99.21031947,LIMPIEZA Y EN BUEN FUNCIONAMIENTO ,NO APLICA,NO APLICA,INSTRUCCION SUPERIOR,NO APLICA,25/10/18,25/10/18,100%,SUBDIRECCION DE INFRAESTRUCTURA PUBLICA ,NO APLICA ,NO APLICA ,NO APLICA ,NO APLICA ,NO APLICA ,NO APLICA ,NO APLICA ,NO APLICA ,NO APLICA ,NO APLICA ,1,NO APLICA ,ANARANJADO
1107,FUENTE ORNAMENTAL PRADO NORTE,MANTENIMIENTO A FUENTES ORNAMENTALES,PRADO NORTE Y VOLCAN ,SIN NUMERO ,LOMA DE CHAPULTEPEC,19.42788036,-99.2078031,LIMPIEZA RETIRO DE HOJARASCA Y SOLIDOS ,NO APLICA,NO APLICA,INSTRUCCION SUPERIOR,NO APLICA,25/10/19,25/10/19,100%,SUBDIRECCION DE INFRAESTRUCTURA PUBLICA ,NO APLICA ,NO APLICA ,NO APLICA ,NO APLICA ,NO APLICA ,NO APLICA ,NO APLICA ,NO APLICA ,NO APLICA ,NO APLICA ,1,NO APLICA ,ANARANJADO
1108,FUENTE ORNAMENTAL LAMARTINE,MANTENIMIENTO A FUENTES ORNAMENTALES,CAMPOS ELISEOS Y LEMARTINE ,SIN NUMERO ,POLANCO,19.42936018,-99.18984102,LIMPIEZA RETIRO DE HOJARASCA Y SOLIDOS ,NO APLICA,NO APLICA,INSTRUCCION SUPERIOR,NO APLICA,25/10/20,25/10/20,100%,SUBDIRECCION DE INFRAESTRUCTURA PUBLICA ,NO APLICA ,NO APLICA ,NO APLICA ,NO APLICA ,NO APLICA ,NO APLICA ,NO APLICA ,NO APLICA ,NO APLICA ,NO APLICA ,1,NO APLICA ,ANARANJADO
1109,FUENTE ORNAMENTAL SCHILLER,MANTENIMIENTO A FUENTES ORNAMENTALES,SCHILLER Y CAMPO ELSEOS,SIN NUMERO ,POLANCO,19.4301638,-99.18635911,BARRIDO Y LIMPIEZA,NO APLICA,NO APLICA,INSTRUCCION SUPERIOR,NO APLICA,25/10/21,25/10/21,100%,SUBDIRECCION DE INFRAESTRUCTURA PUBLICA ,NO APLICA ,NO APLICA ,NO APLICA ,NO APLICA ,NO APLICA ,NO APLICA ,NO APLICA ,NO APLICA ,NO APLICA ,NO APLICA ,1,NO APLICA ,ANARANJADO
1110,FUENTE ORNAMENTAL PARQUE LIRA,MANTENIMIENTO A FUENTES ORNAMENTALES,AVENIDA PARQUE LIRA,136,SAN MIGUEL CHAPULTEPEC I ,19.40686811,-99.18966251,LIMPIEZA RETIRO DE HOJARASCA Y SOLIDOS ,NO APLICA,NO APLICA,INSTRUCCION SUPERIOR,NO APLICA,25/10/22,25/10/22,100%,SUBDIRECCION DE INFRAESTRUCTURA PUBLICA ,NO APLICA ,NO APLICA ,NO APLICA ,NO APLICA ,NO APLICA ,NO APLICA ,NO APLICA ,NO APLICA ,NO APLICA ,NO APLICA ,1,NO APLICA ,ANARANJADO
1111,FUENTE ORNAMENTAL PLAZA URUGUAY,MANTENIMIENTO A FUENTES ORNAMENTALES,JUANA DE IBARBOUROU Y LOPE DE VEGA,SIN NUMERO ,POLANCO ,19.43238642,-99.18737852,LIMPIEZA RETIRO DE HOJARASCA Y SOLIDOS ,NO APLICA,NO APLICA,INSTRUCCION SUPERIOR,NO APLICA,25/10/23,25/10/23,100%,SUBDIRECCION DE INFRAESTRUCTURA PUBLICA ,NO APLICA ,NO APLICA ,NO APLICA ,NO APLICA ,NO APLICA ,NO APLICA ,NO APLICA ,NO APLICA ,NO APLICA ,NO APLICA ,1,NO APLICA ,ANARANJADO
1112,FUENTE ORNAMENTAL PLAZA URUGUAY 1 Y 2,MANTENIMIENTO A FUENTES ORNAMENTALES,JUANA DE IBARBOUROU Y LOPE DE VEGA,SIN NUMERO ,POLANCO ,19.43238642,-99.18737852,LIMPIEZA RETIRO DE HOJARASCA Y SOLIDOS ,NO APLICA,NO APLICA,INSTRUCCION SUPERIOR,NO APLICA,25/10/24,25/10/24,100%,SUBDIRECCION DE INFRAESTRUCTURA PUBLICA ,NO APLICA ,NO APLICA ,NO APLICA ,NO APLICA ,NO APLICA ,NO APLICA ,NO APLICA ,NO APLICA ,NO APLICA ,NO APLICA ,2,NO APLICA ,ANARANJADO
1113,FUENTE ORNAMENTAL PLAZA URUGUAY 3 Y 4,MANTENIMIENTO A FUENTES ORNAMENTALES,JUANA DE IBARBOUROU Y LOPE DE VEGA,SIN NUMERO ,POLANCO ,19.43238642,-99.18737852,LIMPIEZA RETIRO DE HOJARASCA Y SOLIDOS ,NO APLICA,NO APLICA,INSTRUCCION SUPERIOR,NO APLICA,25/10/25,25/10/25,100%,SUBDIRECCION DE INFRAESTRUCTURA PUBLICA ,NO APLICA ,NO APLICA ,NO APLICA ,NO APLICA ,NO APLICA ,NO APLICA ,NO APLICA ,NO APLICA ,NO APLICA ,NO APLICA ,2,NO APLICA ,ANARANJADO
1114,ESPEJO DE AGUA LINCOLN ,MANTENIMIENTO A FUENTES ORNAMENTALES,JULIO VERNE ENTRE LUIS G URBINA Y EMILIO CASTELAR,SIN NUMERO ,POLANCO ,19.42933328,-99.19721877,LIMPIEZA RETIRO DE HOJARASCA Y SOLIDOS ,NO APLICA,NO APLICA,INSTRUCCION SUPERIOR,NO APLICA,25/10/26,25/10/26,100%,SUBDIRECCION DE INFRAESTRUCTURA PUBLICA ,NO APLICA ,NO APLICA ,NO APLICA ,NO APLICA ,NO APLICA ,NO APLICA ,NO APLICA ,NO APLICA ,NO APLICA ,NO APLICA ,1,NO APLICA ,ANARANJADO
1115,ESPEJO DE AGUA LUTHER KING,MANTENIMIENTO A FUENTES ORNAMENTALES,JULIO VERNE ENTRE LUIS G URBINA Y EMILIO CASTELAR,SIN NUMERO ,POLANCO ,19.42933328,-99.19721877,LIMPIEZA RETIRO DE HOJARASCA Y SOLIDOS ,NO APLICA,NO APLICA,INSTRUCCION SUPERIOR,NO APLICA,25/10/27,25/10/27,100%,SUBDIRECCION DE INFRAESTRUCTURA PUBLICA ,NO APLICA ,NO APLICA ,NO APLICA ,NO APLICA ,NO APLICA ,NO APLICA ,NO APLICA ,NO APLICA ,NO APLICA ,NO APLICA ,1,NO APLICA ,ANARANJADO
